,Code,year,VaccinePct
0,AFG,2000,35.0
1,AFG,2001,56.0
2,AFG,2002,43.7
3,AFG,2003,49.7
4,AFG,2004,60.0
5,AFG,2005,64.0
6,AFG,2006,68.0
7,AFG,2007,70.0
8,AFG,2008,75.0
9,AFG,2009,76.0
10,AFG,2010,79.0
11,AFG,2011,82.0
12,AFG,2012,85.0
13,AFG,2013,91.98642396
14,AFG,2014,97.0
15,AFG,2015,92.0
16,AFG,2016,74.69293914
17,ALB,2000,91.5
18,ALB,2001,95.0
19,ALB,2002,96.0
20,ALB,2003,93.2
21,ALB,2004,96.2
22,ALB,2005,97.0
23,ALB,2006,95.0
24,ALB,2007,97.0
25,ALB,2008,98.0
26,ALB,2009,97.0
27,ALB,2010,98.9
28,ALB,2011,98.9
29,ALB,2012,98.48476485
30,ALB,2013,98.7
31,ALB,2014,97.6
32,ALB,2015,97.0
33,ALB,2016,96.3
34,DZA,2000,-1.0
35,DZA,2001,78.0
36,DZA,2002,81.0
37,DZA,2003,84.0
38,DZA,2004,81.0
39,DZA,2005,83.0
40,DZA,2006,91.0
41,DZA,2007,92.0
42,DZA,2008,88.0
43,DZA,2009,92.0
44,DZA,2010,88.0
45,DZA,2011,84.0
46,DZA,2012,90.0
47,DZA,2013,91.0
48,DZA,2014,93.5140115
49,DZA,2015,93.0
50,DZA,2016,94.0
51,AND,2000,-1.0
52,AND,2001,-1.0
53,AND,2002,-1.0
54,AND,2003,96.32
55,AND,2004,97.6
56,AND,2005,-1.0
57,AND,2006,-1.0
58,AND,2007,-1.0
59,AND,2008,98.0
60,AND,2009,-1.0
61,AND,2010,-1.0
62,AND,2011,-1.0
63,AND,2012,-1.0
64,AND,2013,-1.0
65,AND,2014,-1.0
66,AND,2015,-1.0
67,AND,2016,-1.0
68,AGO,2000,-1.0
69,AGO,2001,72.0
70,AGO,2002,72.0
71,AGO,2003,62.0
72,AGO,2004,64.0
73,AGO,2005,45.0
74,AGO,2006,48.0
75,AGO,2007,88.0
76,AGO,2008,79.0
77,AGO,2009,77.0
78,AGO,2010,93.0
79,AGO,2011,88.44090156
80,AGO,2012,96.96026273
81,AGO,2013,105.0
82,AGO,2014,85.0
83,AGO,2015,80.0
84,AGO,2016,74.0
85,ATG,2000,-1.0
86,ATG,2001,96.6
87,ATG,2002,127.0
88,ATG,2003,99.0
89,ATG,2004,97.0
90,ATG,2005,100.0
91,ATG,2006,100.0
92,ATG,2007,99.0
93,ATG,2008,105.0
94,ATG,2009,99.44367177
95,ATG,2010,98.24304539
96,ATG,2011,99.80732177
97,ATG,2012,100.16460909999999
98,ATG,2013,-1.0
99,ATG,2014,-1.0
100,ATG,2015,101.9444444
101,ARG,2000,91.0
102,ARG,2001,89.0
103,ARG,2002,95.0
104,ARG,2003,96.8
105,ARG,2004,99.1
106,ARG,2005,110.0
107,ARG,2006,97.0
108,ARG,2007,94.0
109,ARG,2008,97.0
110,ARG,2009,103.0
111,ARG,2010,104.9
112,ARG,2011,95.0
113,ARG,2012,94.0
114,ARG,2013,94.0
115,ARG,2014,94.8
116,ARG,2015,89.0
117,ARG,2016,90.2296041
118,ARM,2000,91.6
119,ARM,2001,95.5
120,ARM,2002,59.5
121,ARM,2003,93.8
122,ARM,2004,91.5
123,ARM,2005,94.1
124,ARM,2006,92.0
125,ARM,2007,92.0
126,ARM,2008,94.0
127,ARM,2009,96.0
128,ARM,2010,97.0
129,ARM,2011,97.0
130,ARM,2012,97.21
131,ARM,2013,97.18
132,ARM,2014,97.0
133,ARM,2015,97.0
134,ARM,2016,97.0
135,AUS,2000,91.0
136,AUS,2001,92.0
137,AUS,2002,94.0
138,AUS,2003,94.0
139,AUS,2004,94.0
140,AUS,2005,94.0
141,AUS,2006,94.0
142,AUS,2007,94.0
143,AUS,2008,-1.0
144,AUS,2009,93.70308153
145,AUS,2010,93.94
146,AUS,2011,94.0
147,AUS,2012,94.42
148,AUS,2013,93.72
149,AUS,2014,94.4
150,AUS,2015,94.7
151,AUS,2016,-1.0
152,AUT,2000,75.0
153,AUT,2001,79.0
154,AUT,2002,78.0
155,AUT,2003,79.0
156,AUT,2004,74.0
157,AUT,2005,75.0
158,AUT,2006,80.0
159,AUT,2007,79.0
160,AUT,2008,83.0
161,AUT,2009,76.0
162,AUT,2010,-1.0
163,AUT,2011,-1.0
164,AUT,2012,-1.0
165,AUT,2014,-1.0
166,AUT,2015,-1.0
167,AUT,2016,-1.0
168,AZE,2000,98.0
169,AZE,2001,99.0
170,AZE,2002,97.46
171,AZE,2003,98.0
172,AZE,2004,98.4
173,AZE,2005,98.0
174,AZE,2006,96.0
175,AZE,2007,97.0
176,AZE,2008,97.0
177,AZE,2009,98.3
178,AZE,2010,97.9
179,AZE,2011,97.8
180,AZE,2012,97.32104633
181,AZE,2013,98.1
182,AZE,2014,98.1
183,AZE,2015,98.1
184,AZE,2016,97.5
185,BHS,2000,92.93
186,BHS,2001,92.32794284
187,BHS,2004,86.0
188,BHS,2005,82.2
189,BHS,2006,88.0
190,BHS,2007,96.0
191,BHS,2008,90.0
192,BHS,2009,97.50378215
193,BHS,2010,93.55141944
194,BHS,2011,90.38388445
195,BHS,2012,91.19718309999999
196,BHS,2013,91.49789453
197,BHS,2014,92.45527053
198,BHS,2015,93.51081531
199,BHS,2016,88.59741908
200,BHR,2000,98.5
201,BHR,2001,98.0
202,BHR,2002,99.0
203,BHR,2003,100.0
204,BHR,2004,98.8
205,BHR,2005,100.0
206,BHR,2006,100.0
207,BHR,2007,100.0
208,BHR,2008,99.9
209,BHR,2009,99.8
210,BHR,2010,100.0
211,BHR,2011,100.0
212,BHR,2012,99.89
213,BHR,2013,100.0
214,BHR,2014,99.76
215,BHR,2015,100.0
216,BHR,2016,100.0
217,BGD,2000,89.0
218,BGD,2001,94.0
219,BGD,2002,87.0
220,BGD,2003,91.0
221,BGD,2004,96.0
222,BGD,2005,94.0
223,BGD,2006,92.0
224,BGD,2007,95.0
225,BGD,2008,96.0
226,BGD,2009,98.38778601
227,BGD,2010,94.30158428
228,BGD,2011,96.0
229,BGD,2012,111.0
230,BGD,2013,108.2793979
231,BGD,2014,108.54951319999999
232,BGD,2015,120.1917138
233,BGD,2016,117.8372848
234,BRB,2000,91.3
235,BRB,2001,91.6
236,BRB,2003,87.8042185
237,BRB,2004,98.0
238,BRB,2005,-1.0
239,BRB,2006,92.0
240,BRB,2007,75.0
241,BRB,2008,94.0
242,BRB,2009,93.73084425
243,BRB,2010,84.51668092
244,BRB,2011,93.01684533
245,BRB,2012,89.49
246,BRB,2013,86.95786865
247,BRB,2014,94.59459459
248,BRB,2015,96.22183709
249,BRB,2016,91.95443218
250,BLR,2000,98.19
251,BLR,2001,98.9
252,BLR,2002,99.0
253,BLR,2003,98.8
254,BLR,2004,99.0
255,BLR,2005,98.9
256,BLR,2006,97.0
257,BLR,2007,100.0
258,BLR,2008,99.0
259,BLR,2009,98.8
260,BLR,2010,98.6
261,BLR,2011,99.2
262,BLR,2012,97.9
263,BLR,2013,99.0
264,BLR,2014,99.0
265,BLR,2015,99.0
266,BLR,2016,98.2
267,BEL,2000,-1.0
268,BEL,2001,-1.0
269,BEL,2002,-1.0
270,BEL,2003,-1.0
271,BEL,2004,-1.0
272,BEL,2005,-1.0
273,BEL,2006,-1.0
274,BEL,2007,-1.0
275,BEL,2008,-1.0
276,BEL,2009,-1.0
277,BEL,2010,-1.0
278,BEL,2011,-1.0
279,BEL,2012,-1.0
280,BEL,2013,-1.0
281,BEL,2014,-1.0
282,BEL,2015,-1.0
283,BEL,2016,-1.0
284,BLZ,2000,96.0
285,BLZ,2001,94.0
286,BLZ,2002,88.0
287,BLZ,2003,96.0
288,BLZ,2004,97.0
289,BLZ,2005,95.0
290,BLZ,2006,100.0
291,BLZ,2007,96.0
292,BLZ,2008,96.0
293,BLZ,2009,96.94870087
294,BLZ,2010,97.55837225
295,BLZ,2011,98.06830907
296,BLZ,2012,96.94761446
297,BLZ,2013,99.04449515
298,BLZ,2014,95.3594306
299,BLZ,2015,96.40887884
300,BLZ,2016,95.01799856
301,BEN,2000,85.0
302,BEN,2001,81.0
303,BEN,2002,88.0
304,BEN,2003,83.0
305,BEN,2004,93.0
306,BEN,2005,85.0
307,BEN,2006,89.0
308,BEN,2007,93.0
309,BEN,2008,89.0
310,BEN,2009,95.0
311,BEN,2010,91.91866557
312,BEN,2011,94.2
313,BEN,2012,94.11161740000001
314,BEN,2013,87.0
315,BEN,2014,87.0
316,BEN,2015,94.0
317,BEN,2016,102.0
318,BTN,2000,-1.0
319,BTN,2001,76.0
320,BTN,2002,78.0
321,BTN,2003,88.0
322,BTN,2004,88.0
323,BTN,2005,92.64563443
324,BTN,2006,91.0
325,BTN,2007,110.0
326,BTN,2008,100.0
327,BTN,2009,94.0
328,BTN,2010,95.0
329,BTN,2011,93.0
330,BTN,2012,95.0
331,BTN,2013,97.0
332,BTN,2014,96.0
333,BTN,2015,98.0
334,BTN,2016,98.0
335,BOL,2000,100.0
336,BOL,2001,106.9
337,BOL,2002,-1.0
338,BOL,2003,99.0
339,BOL,2004,90.0
340,BOL,2005,88.92
341,BOL,2006,82.0
342,BOL,2007,83.0
343,BOL,2008,86.10219112
344,BOL,2009,86.20786086
345,BOL,2010,79.44045076
346,BOL,2011,83.78897359
347,BOL,2012,84.43691825
348,BOL,2013,82.66542509
349,BOL,2014,86.08285079
350,BOL,2015,94.91628451
351,BOL,2016,93.51545946
352,BIH,2000,80.4
353,BIH,2001,91.9
354,BIH,2002,89.1
355,BIH,2003,83.5
356,BIH,2004,88.0
357,BIH,2005,89.0
358,BIH,2006,90.0
359,BIH,2007,94.0
360,BIH,2008,84.0
361,BIH,2009,93.0
362,BIH,2010,88.79893213
363,BIH,2011,89.30821402
364,BIH,2012,91.44234016
365,BIH,2014,82.55
366,BIH,2015,83.3
367,BIH,2016,68.0
368,BWA,2000,84.0
369,BWA,2001,75.0
370,BWA,2002,79.0
371,BWA,2003,90.0
372,BWA,2004,86.0
373,BWA,2005,113.0
374,BWA,2006,121.0
375,BWA,2007,79.0
376,BWA,2008,95.0
377,BWA,2009,93.0
378,BWA,2010,94.0
379,BWA,2011,103.0
380,BWA,2012,108.0
381,BWA,2013,93.72137444
382,BWA,2014,93.0
383,BWA,2015,82.0
384,BWA,2016,94.0
385,BRA,2000,100.0
386,BRA,2001,100.0
387,BRA,2002,97.0
388,BRA,2003,119.0
389,BRA,2004,111.0
390,BRA,2005,107.0
391,BRA,2006,105.0
392,BRA,2007,107.0
393,BRA,2008,100.0
394,BRA,2009,104.0
395,BRA,2010,100.0
396,BRA,2011,102.0
397,BRA,2012,99.0
398,BRA,2013,107.0
399,BRA,2014,112.0
400,BRA,2015,96.07
401,BRA,2016,83.46988959
402,BRN,2000,99.0
403,BRN,2001,104.0
404,BRN,2002,99.0
405,BRN,2003,98.0
406,BRN,2004,99.0
407,BRN,2005,98.0
408,BRN,2006,97.0
409,BRN,2007,97.0
410,BRN,2008,100.0
411,BRN,2009,99.0
412,BRN,2010,94.4
413,BRN,2011,91.0
414,BRN,2012,99.0
415,BRN,2013,96.0
416,BRN,2014,97.0
417,BRN,2015,96.0
418,BRN,2016,98.0
419,BGR,2000,85.0
420,BGR,2001,99.0
421,BGR,2002,97.0
422,BGR,2003,102.0
423,BGR,2004,92.6
424,BGR,2005,96.2
425,BGR,2006,96.0
426,BGR,2007,96.0
427,BGR,2008,96.0
428,BGR,2009,96.0
429,BGR,2010,96.5
430,BGR,2011,94.5
431,BGR,2012,93.7
432,BGR,2013,95.1
433,BGR,2014,93.2
434,BGR,2015,91.5
435,BGR,2016,92.1
436,BFA,2000,58.99
437,BFA,2001,65.0
438,BFA,2002,64.0
439,BFA,2003,76.0
440,BFA,2004,78.0
441,BFA,2005,84.0
442,BFA,2006,88.0
443,BFA,2007,94.0
444,BFA,2008,101.0
445,BFA,2009,94.0
446,BFA,2010,99.28881224
447,BFA,2011,99.9973439
448,BFA,2012,100.17
449,BFA,2013,99.84
450,BFA,2014,99.69
451,BFA,2015,103.48
452,BFA,2016,99.93376704
453,BDI,2000,57.0
454,BDI,2001,54.0
455,BDI,2002,68.0
456,BDI,2003,81.0
457,BDI,2004,78.0
458,BDI,2005,80.4
459,BDI,2006,92.0
460,BDI,2007,102.0
461,BDI,2008,84.0
462,BDI,2009,90.96886832
463,BDI,2010,92.0
464,BDI,2011,101.0
465,BDI,2012,102.0
466,BDI,2013,101.0
467,BDI,2014,95.7
468,BDI,2015,94.7
469,BDI,2016,100.1503267
470,CPV,2000,58.0
471,CPV,2001,72.0
472,CPV,2002,85.0
473,CPV,2003,76.0
474,CPV,2004,69.0
475,CPV,2005,64.6
476,CPV,2006,65.0
477,CPV,2007,74.0
478,CPV,2008,77.0
479,CPV,2009,71.77
480,CPV,2010,-1.0
481,CPV,2011,96.42
482,CPV,2012,91.31208829999998
483,CPV,2013,90.71407865
484,CPV,2014,93.22679649
485,CPV,2015,91.64920967
486,CPV,2016,-1.0
487,KHM,2000,69.0
488,KHM,2001,70.0
489,KHM,2002,62.0
490,KHM,2003,65.0
491,KHM,2004,80.0
492,KHM,2005,79.0
493,KHM,2006,78.0
494,KHM,2007,79.0
495,KHM,2008,89.0
496,KHM,2009,92.0
497,KHM,2010,92.68414345
498,KHM,2011,92.61972453
499,KHM,2012,93.38217909
500,KHM,2013,90.24263001
501,KHM,2014,93.6117894
502,KHM,2015,95.0
503,KHM,2016,122.6509612
504,CMR,2000,49.0
505,CMR,2001,47.0
506,CMR,2002,53.0
507,CMR,2003,61.0
508,CMR,2004,64.0
509,CMR,2005,68.5
510,CMR,2006,73.0
511,CMR,2007,74.0
512,CMR,2008,80.0
513,CMR,2009,73.9
514,CMR,2010,79.13
515,CMR,2011,76.02614681
516,CMR,2012,81.76
517,CMR,2013,83.17
518,CMR,2014,80.43252302
519,CMR,2015,78.75200061
520,CMR,2016,78.04495777
521,CAN,2000,-1.0
522,CAN,2001,-1.0
523,CAN,2002,-1.0
524,CAN,2003,-1.0
525,CAN,2004,-1.0
526,CAN,2005,-1.0
527,CAN,2006,-1.0
528,CAN,2007,-1.0
529,CAN,2008,-1.0
530,CAN,2009,-1.0
531,CAN,2010,-1.0
532,CAN,2011,-1.0
533,CAN,2012,-1.0
534,CAN,2013,-1.0
535,CAN,2014,-1.0
536,CAN,2015,-1.0
537,CAN,2016,-1.0
538,CAF,2000,33.5
539,CAF,2001,29.0
540,CAF,2002,31.0
541,CAF,2003,36.0
542,CAF,2004,70.0
543,CAF,2005,64.94
544,CAF,2006,108.0
545,CAF,2007,104.0
546,CAF,2008,61.0
547,CAF,2009,60.22052156
548,CAF,2010,62.66612085
549,CAF,2011,82.04559848
550,CAF,2012,64.43922498
551,CAF,2013,29.33051269
552,CAF,2014,53.0
553,CAF,2015,50.0
554,CAF,2016,64.97099364
555,TCD,2000,42.0
556,TCD,2001,36.0
557,TCD,2002,55.0
558,TCD,2003,61.0
559,TCD,2004,56.0
560,TCD,2005,70.0
561,TCD,2006,83.0
562,TCD,2007,77.0
563,TCD,2008,54.0
564,TCD,2009,87.0
565,TCD,2010,84.0
566,TCD,2011,79.0
567,TCD,2012,89.0
568,TCD,2013,84.0
569,TCD,2014,79.0
570,TCD,2015,87.0
571,TCD,2016,84.75917293
572,CHL,2000,97.3
573,CHL,2001,96.0
574,CHL,2002,95.0
575,CHL,2003,96.0
576,CHL,2004,94.0
577,CHL,2005,90.0
578,CHL,2006,91.0
579,CHL,2007,92.0
580,CHL,2008,96.0
581,CHL,2009,92.73707126
582,CHL,2010,92.75754472
583,CHL,2011,90.804
584,CHL,2012,89.92881005
585,CHL,2013,89.54630877
586,CHL,2014,96.72
587,CHL,2015,96.39846898
588,CHL,2016,92.75268657
589,CHN,2000,97.5
590,CHN,2001,97.72
591,CHN,2002,97.88
592,CHN,2003,97.9
593,CHN,2004,98.48
594,CHN,2005,98.55
595,CHN,2006,98.0
596,CHN,2007,99.0
597,CHN,2008,-1.0
598,CHN,2009,98.62
599,CHN,2010,99.41333282
600,CHN,2011,99.55
601,CHN,2012,99.0
602,CHN,2013,99.64497235
603,CHN,2014,99.0
604,CHN,2015,99.54
605,CHN,2016,99.5
606,COL,2000,88.0
607,COL,2001,93.0
608,COL,2002,93.0
609,COL,2003,92.0
610,COL,2004,94.0
611,COL,2005,96.0
612,COL,2006,95.0
613,COL,2007,93.0
614,COL,2008,92.0
615,COL,2009,95.0
616,COL,2010,88.49353752
617,COL,2011,87.57924313
618,COL,2012,93.83
619,COL,2013,92.28294036
620,COL,2014,91.26123223
621,COL,2015,94.01749393
622,COL,2016,92.60939776
623,COM,2000,65.0
624,COM,2001,63.0
625,COM,2002,71.0
626,COM,2003,67.0
627,COM,2004,76.0
628,COM,2005,67.0
629,COM,2006,66.0
630,COM,2007,65.0
631,COM,2008,76.0
632,COM,2009,78.70415781
633,COM,2010,72.49
634,COM,2011,79.03
635,COM,2012,85.36327476
636,COM,2013,81.76692651
637,COM,2014,79.58375101
638,COM,2015,80.65520446
639,COM,2016,76.61826571
640,COG,2000,34.0
641,COG,2001,35.0
642,COG,2002,37.0
643,COG,2003,46.0
644,COG,2004,55.0
645,COG,2005,55.62
646,COG,2006,64.0
647,COG,2007,67.0
648,COG,2008,-1.0
649,COG,2009,76.0
650,COG,2010,77.99991248
651,COG,2011,88.40291646
652,COG,2012,78.09777261
653,COG,2013,77.55650087
654,COG,2014,80.0
655,COG,2015,76.11922746
656,COG,2016,67.0
657,CRI,2000,82.1
658,CRI,2001,85.064852
659,CRI,2002,94.0
660,CRI,2003,88.91825031
661,CRI,2004,87.0
662,CRI,2005,88.69
663,CRI,2006,90.0
664,CRI,2007,90.0
665,CRI,2008,89.0
666,CRI,2009,80.62511743
667,CRI,2010,85.0
668,CRI,2011,-1.0
669,CRI,2012,91.50055637
670,CRI,2013,91.33999065
671,CRI,2014,95.37733421
672,CRI,2015,93.0
673,CRI,2016,93.12673762
674,CIV,2000,62.0
675,CIV,2001,61.0
676,CIV,2002,56.0
677,CIV,2003,49.0
678,CIV,2004,49.0
679,CIV,2005,51.0
680,CIV,2006,73.0
681,CIV,2007,67.0
682,CIV,2008,63.0
683,CIV,2009,67.0
684,CIV,2010,70.0
685,CIV,2011,49.0
686,CIV,2012,85.0
687,CIV,2013,85.0
688,CIV,2014,72.08340257
689,CIV,2015,82.0
690,CIV,2016,91.69945373
691,HRV,2000,93.2
692,HRV,2001,93.55
693,HRV,2002,94.7
694,HRV,2003,94.6
695,HRV,2004,95.72
696,HRV,2005,95.5
697,HRV,2006,95.0
698,HRV,2007,96.0
699,HRV,2008,98.0
700,HRV,2009,95.0
701,HRV,2010,96.0
702,HRV,2011,95.8
703,HRV,2012,95.0
704,HRV,2013,93.8
705,HRV,2014,93.7
706,HRV,2015,92.81
707,HRV,2016,89.6
708,CUB,2000,93.9
709,CUB,2001,114.1
710,CUB,2002,93.0
711,CUB,2003,99.0
712,CUB,2004,-1.0
713,CUB,2005,98.27
714,CUB,2006,95.49628769
715,CUB,2007,102.0
716,CUB,2008,103.0
717,CUB,2009,101.3672114
718,CUB,2010,100.8187718
719,CUB,2011,103.0405141
720,CUB,2012,101.24061329999999
721,CUB,2013,102.6
722,CUB,2014,102.3
723,CUB,2015,100.76818829999999
724,CUB,2016,99.85111341
725,CYP,2000,-1.0
726,CYP,2001,-1.0
727,CYP,2002,-1.0
728,CYP,2003,-1.0
729,CYP,2004,-1.0
730,CYP,2005,-1.0
731,CYP,2006,-1.0
732,CYP,2007,-1.0
733,CYP,2008,-1.0
734,CYP,2009,-1.0
735,CYP,2010,-1.0
736,CYP,2011,-1.0
737,CYP,2012,-1.0
738,CYP,2013,-1.0
739,CYP,2014,-1.0
740,CYP,2015,-1.0
741,CYP,2016,-1.0
742,CZE,2000,-1.0
743,CZE,2001,-1.0
744,CZE,2002,-1.0
745,CZE,2003,99.1
746,CZE,2004,-1.0
747,CZE,2005,-1.0
748,CZE,2006,-1.0
749,CZE,2007,98.0
750,CZE,2008,97.0
751,CZE,2009,-1.0
752,CZE,2010,-1.0
753,CZE,2011,-1.0
754,CZE,2012,-1.0
755,CZE,2013,-1.0
756,CZE,2014,99.43
757,CZE,2015,-1.0
758,CZE,2016,97.51
759,DNK,2000,-1.0
760,DNK,2001,94.0
761,DNK,2002,102.4
762,DNK,2003,96.0
763,DNK,2004,96.0
764,DNK,2005,95.0
765,DNK,2006,90.0
766,DNK,2007,89.0
767,DNK,2008,-1.0
768,DNK,2009,84.0
769,DNK,2010,85.0
770,DNK,2011,87.0
771,DNK,2012,87.0
772,DNK,2013,86.0
773,DNK,2014,87.0
774,DNK,2015,88.0
775,DNK,2016,91.0
776,DJI,2000,49.0
777,DJI,2001,49.05
778,DJI,2002,62.07
779,DJI,2003,65.57
780,DJI,2004,60.0
781,DJI,2005,65.0
782,DJI,2006,67.0
783,DJI,2007,74.0
784,DJI,2008,73.0
785,DJI,2009,84.0
786,DJI,2010,85.0
787,DJI,2011,84.0
788,DJI,2012,83.0
789,DJI,2013,80.0
790,DJI,2014,78.0
791,DJI,2015,70.0
792,DJI,2016,75.0
793,DMA,2000,105.06
794,DMA,2001,99.7
795,DMA,2002,100.0
796,DMA,2003,95.67669173
797,DMA,2004,99.0
798,DMA,2005,-1.0
799,DMA,2006,102.0
800,DMA,2007,96.0
801,DMA,2008,100.0
802,DMA,2009,106.45491799999999
803,DMA,2010,100.52083329999999
804,DMA,2011,99.25373134
805,DMA,2012,98.77232143
806,DMA,2013,93.05856833
807,DMA,2014,93.5627081
808,DMA,2015,96.47887324
809,DMA,2016,95.79207921
810,DOM,2000,87.9
811,DOM,2002,91.6
812,DOM,2003,90.03
813,DOM,2004,61.0
814,DOM,2005,104.5
815,DOM,2006,102.0
816,DOM,2007,90.0
817,DOM,2008,95.0
818,DOM,2009,89.74042731
819,DOM,2010,87.27145064
820,DOM,2011,87.53992859
821,DOM,2012,87.69981548
822,DOM,2013,83.36162341
823,DOM,2014,87.37770584
824,DOM,2015,89.82904356
825,DOM,2016,85.16605851
826,PRK,2000,91.5
827,PRK,2001,91.5
828,PRK,2002,97.5
829,PRK,2003,95.3
830,PRK,2004,95.3
831,PRK,2005,96.2
832,PRK,2006,96.0
833,PRK,2007,99.0
834,PRK,2008,98.0
835,PRK,2009,97.8
836,PRK,2010,99.00008677
837,PRK,2011,98.75859140000001
838,PRK,2012,98.9
839,PRK,2013,99.1
840,PRK,2014,99.0
841,PRK,2015,98.4
842,PRK,2016,98.7
843,COD,2000,46.0
844,COD,2001,37.0
845,COD,2002,45.0
846,COD,2003,54.0
847,COD,2004,64.0
848,COD,2005,69.7
849,COD,2006,73.0
850,COD,2007,79.0
851,COD,2008,77.0
852,COD,2009,86.10607702
853,COD,2010,87.2909437
854,COD,2011,84.91051787
855,COD,2012,91.53990176
856,COD,2013,88.03719981
857,COD,2014,89.21938576
858,COD,2015,91.0
859,COD,2016,89.9
860,ECU,2000,-1.0
861,ECU,2001,116.1
862,ECU,2002,79.8
863,ECU,2003,99.0
864,ECU,2004,100.0
865,ECU,2005,93.04
866,ECU,2006,97.0
867,ECU,2007,103.0
868,ECU,2008,98.0
869,ECU,2009,112.9479004
870,ECU,2010,110.7541547
871,ECU,2011,94.38610393
872,ECU,2012,101.3165382
873,ECU,2013,96.50952728
874,ECU,2014,85.0
875,ECU,2015,83.57933033
876,ECU,2016,85.70620793
877,EGY,2000,97.6
878,EGY,2001,97.4
879,EGY,2002,96.9
880,EGY,2003,97.5
881,EGY,2004,96.6
882,EGY,2005,97.5
883,EGY,2006,98.0
884,EGY,2007,98.0
885,EGY,2008,92.0
886,EGY,2009,95.43797203
887,EGY,2010,96.1
888,EGY,2011,-1.0
889,EGY,2012,93.0
890,EGY,2013,96.3
891,EGY,2014,93.2
892,EGY,2015,92.4
893,EGY,2016,95.17994361
894,SLV,2000,97.0
895,SLV,2001,82.0
896,SLV,2002,93.0
897,SLV,2003,90.0
898,SLV,2004,93.0
899,SLV,2005,99.0
900,SLV,2006,98.0
901,SLV,2007,100.0
902,SLV,2008,95.0
903,SLV,2009,91.0
904,SLV,2010,92.0
905,SLV,2011,89.0
906,SLV,2012,93.07731521
907,SLV,2013,93.59043672
908,SLV,2014,94.0
909,SLV,2015,-1.0
910,SLV,2016,89.87260177
911,GNQ,2000,18.5
912,GNQ,2001,20.0
913,GNQ,2002,63.0
914,GNQ,2003,49.0
915,GNQ,2004,32.8
916,GNQ,2005,24.1
917,GNQ,2006,25.0
918,GNQ,2007,-1.0
919,GNQ,2008,76.0
920,GNQ,2009,77.4
921,GNQ,2010,51.0
922,GNQ,2011,50.0
923,GNQ,2012,33.67588933
924,GNQ,2013,40.82969432
925,GNQ,2014,42.29242799
926,GNQ,2015,23.43502985
927,GNQ,2016,28.99063476
928,ERI,2000,50.0
929,ERI,2001,52.0
930,ERI,2002,52.0
931,ERI,2003,62.0
932,ERI,2004,62.0
933,ERI,2005,68.2
934,ERI,2006,69.0
935,ERI,2007,64.0
936,ERI,2008,66.0
937,ERI,2009,61.0
938,ERI,2010,52.80861313
939,ERI,2011,73.0
940,ERI,2012,77.0
941,ERI,2013,75.1
942,ERI,2014,71.74182171
943,ERI,2015,68.0
944,ERI,2016,80.0
945,EST,2000,93.0
946,EST,2001,95.0
947,EST,2002,95.0
948,EST,2003,95.0
949,EST,2004,96.0
950,EST,2005,96.0
951,EST,2006,96.0
952,EST,2007,96.0
953,EST,2008,95.0
954,EST,2009,95.2
955,EST,2010,95.1
956,EST,2011,93.9
957,EST,2012,93.6
958,EST,2013,93.7
959,EST,2014,93.4
960,EST,2015,93.4
961,EST,2016,93.2
962,ETH,2000,37.0
963,ETH,2001,40.0
964,ETH,2002,42.0
965,ETH,2003,44.0
966,ETH,2004,56.0
967,ETH,2005,59.4
968,ETH,2006,63.0
969,ETH,2007,65.0
970,ETH,2008,74.0
971,ETH,2009,74.9
972,ETH,2010,81.1
973,ETH,2011,81.94754709
974,ETH,2012,80.0
975,ETH,2013,76.0
976,ETH,2014,84.00001834
977,ETH,2015,92.13590038
978,ETH,2016,93.21569619
979,FJI,2000,-1.0
980,FJI,2001,-1.0
981,FJI,2002,88.36
982,FJI,2003,-1.0
983,FJI,2004,61.8
984,FJI,2005,65.0
985,FJI,2006,100.0
986,FJI,2007,81.0
987,FJI,2008,75.0
988,FJI,2009,71.7
989,FJI,2010,73.0
990,FJI,2011,82.1
991,FJI,2012,85.0
992,FJI,2013,80.0
993,FJI,2014,86.0
994,FJI,2015,84.5
995,FJI,2016,84.44444444
996,FIN,2000,-1.0
997,FIN,2001,-1.0
998,FIN,2002,-1.0
999,FIN,2003,-1.0
1000,FIN,2004,-1.0
1001,FIN,2005,-1.0
1002,FIN,2006,-1.0
1003,FIN,2007,-1.0
1004,FIN,2008,-1.0
1005,FIN,2009,-1.0
1006,FIN,2010,-1.0
1007,FIN,2011,-1.0
1008,FIN,2013,-1.0
1009,FIN,2015,-1.0
1010,FIN,2016,-1.0
1011,FRA,2000,-1.0
1012,FRA,2001,-1.0
1013,FRA,2002,-1.0
1014,FRA,2003,-1.0
1015,FRA,2004,-1.0
1016,FRA,2005,-1.0
1017,FRA,2006,-1.0
1018,FRA,2007,-1.0
1019,FRA,2008,-1.0
1020,FRA,2009,-1.0
1021,FRA,2010,-1.0
1022,FRA,2011,-1.0
1023,FRA,2012,-1.0
1024,FRA,2013,-1.0
1025,FRA,2014,-1.0
1026,FRA,2015,-1.0
1027,FRA,2016,90.5
1028,GAB,2000,27.0
1029,GAB,2001,24.0
1030,GAB,2002,30.0
1031,GAB,2003,64.0
1032,GAB,2004,38.0
1033,GAB,2005,30.0
1034,GAB,2006,44.0
1035,GAB,2007,62.0
1036,GAB,2008,67.0
1037,GAB,2009,62.61192035
1038,GAB,2010,61.67209909
1039,GAB,2011,71.54259548
1040,GAB,2012,71.03169063
1041,GAB,2013,69.7327401
1042,GAB,2014,61.0
1043,GAB,2015,68.0
1044,GAB,2016,64.57096934
1045,GMB,2000,92.0
1046,GMB,2001,62.0
1047,GMB,2002,83.0
1048,GMB,2003,85.0
1049,GMB,2004,86.0
1050,GMB,2005,81.0
1051,GMB,2006,89.0
1052,GMB,2007,85.0
1053,GMB,2008,91.0
1054,GMB,2009,95.74396242
1055,GMB,2010,92.0
1056,GMB,2011,91.0
1057,GMB,2012,95.0
1058,GMB,2013,96.28109535
1059,GMB,2014,95.91750193
1060,GMB,2015,97.0
1061,GMB,2016,97.0
1062,GEO,2000,85.0
1063,GEO,2001,55.0
1064,GEO,2002,99.1
1065,GEO,2003,76.0
1066,GEO,2004,86.0
1067,GEO,2005,90.0
1068,GEO,2006,96.0
1069,GEO,2007,97.0
1070,GEO,2008,97.0
1071,GEO,2009,83.0
1072,GEO,2010,94.3
1073,GEO,2011,91.0
1074,GEO,2012,93.0
1075,GEO,2013,96.5
1076,GEO,2014,92.0
1077,GEO,2015,96.0
1078,GEO,2016,93.0
1079,DEU,2000,-1.0
1080,DEU,2001,-1.0
1081,DEU,2002,92.0
1082,DEU,2003,-1.0
1083,DEU,2004,92.0
1084,DEU,2005,91.8
1085,DEU,2006,94.0
1086,DEU,2007,94.0
1087,DEU,2008,95.0
1088,DEU,2009,95.9
1089,DEU,2010,96.1
1090,DEU,2011,96.4
1091,DEU,2012,96.6
1092,DEU,2013,96.7
1093,DEU,2014,96.7
1094,DEU,2015,96.8
1095,DEU,2016,96.8
1096,GHA,2000,83.3
1097,GHA,2001,75.0
1098,GHA,2002,127.0
1099,GHA,2003,83.0
1100,GHA,2004,83.0
1101,GHA,2005,88.0
1102,GHA,2006,85.0
1103,GHA,2007,95.0
1104,GHA,2008,92.37
1105,GHA,2009,93.81566225
1106,GHA,2010,92.27267505
1107,GHA,2011,92.23905732
1108,GHA,2012,93.34325802
1109,GHA,2013,89.0
1110,GHA,2014,93.0
1111,GHA,2015,94.0
1112,GHA,2016,95.0
1113,GRC,2000,-1.0
1114,GRC,2001,-1.0
1115,GRC,2002,-1.0
1116,GRC,2003,-1.0
1117,GRC,2004,-1.0
1118,GRC,2005,-1.0
1119,GRC,2007,-1.0
1120,GRC,2008,-1.0
1121,GRC,2009,-1.0
1122,GRC,2010,-1.0
1123,GRC,2011,-1.0
1124,GRC,2012,-1.0
1125,GRC,2013,-1.0
1126,GRC,2014,-1.0
1127,GRC,2015,-1.0
1128,GRC,2016,-1.0
1129,GRD,2000,91.93
1130,GRD,2001,99.0
1131,GRD,2002,94.0
1132,GRD,2003,99.23619271
1133,GRD,2004,75.0
1134,GRD,2005,100.0
1135,GRD,2006,98.0
1136,GRD,2007,98.0
1137,GRD,2008,96.0
1138,GRD,2009,107.56200849999999
1139,GRD,2010,97.14122356
1140,GRD,2011,101.73756740000002
1141,GRD,2012,94.02816901
1142,GRD,2013,101.8
1143,GRD,2014,100.0
1144,GRD,2015,98.5940246
1145,GRD,2016,94.9
1146,GTM,2000,86.0
1147,GTM,2001,90.0
1148,GTM,2002,92.0
1149,GTM,2003,-1.0
1150,GTM,2004,95.0
1151,GTM,2005,95.0
1152,GTM,2006,95.0
1153,GTM,2007,93.0
1154,GTM,2008,96.0
1155,GTM,2009,91.96574236
1156,GTM,2010,92.81664354
1157,GTM,2011,89.0
1158,GTM,2012,92.92902784
1159,GTM,2013,92.74799552
1160,GTM,2014,66.97816909
1161,GTM,2015,99.08984517
1162,GTM,2016,86.24476662
1163,GIN,2000,59.0
1164,GIN,2001,-1.0
1165,GIN,2002,61.0
1166,GIN,2003,75.0
1167,GIN,2004,73.0
1168,GIN,2005,82.0
1169,GIN,2006,90.0
1170,GIN,2007,94.0
1171,GIN,2008,87.0
1172,GIN,2009,87.11092542
1173,GIN,2010,94.0
1174,GIN,2011,97.23167379
1175,GIN,2012,101.47341879999999
1176,GIN,2013,103.0
1177,GIN,2014,94.01048615
1178,GIN,2015,91.0
1179,GIN,2016,120.46650090000001
1180,GNB,2000,-1.0
1181,GNB,2001,48.0
1182,GNB,2002,54.0
1183,GNB,2003,70.0
1184,GNB,2004,61.0
1185,GNB,2005,57.0
1186,GNB,2006,60.0
1187,GNB,2007,80.0
1188,GNB,2008,56.0
1189,GNB,2009,78.59502404
1190,GNB,2010,78.08165537
1191,GNB,2011,-1.0
1192,GNB,2012,81.0
1193,GNB,2013,88.90539871
1194,GNB,2014,74.11930874
1195,GNB,2015,75.0
1196,GNB,2016,71.46335294
1197,GUY,2000,86.0
1198,GUY,2001,92.0
1199,GUY,2002,95.0
1200,GUY,2003,94.45938677
1201,GUY,2004,88.0
1202,GUY,2005,-1.0
1203,GUY,2006,90.0
1204,GUY,2007,96.0
1205,GUY,2008,95.0
1206,GUY,2009,96.75901379
1207,GUY,2010,94.60586586
1208,GUY,2011,97.76292649
1209,GUY,2012,99.09563484
1210,GUY,2013,99.60689655
1211,GUY,2014,100.0731383
1212,GUY,2015,100.4982065
1213,GUY,2016,100.8659953
1214,HTI,2000,80.0
1215,HTI,2001,53.0
1216,HTI,2002,34.4
1217,HTI,2003,51.75997115
1218,HTI,2004,57.0
1219,HTI,2005,59.43
1220,HTI,2006,66.0
1221,HTI,2007,54.0
1222,HTI,2008,-1.0
1223,HTI,2009,17.00584777
1224,HTI,2010,19.0
1225,HTI,2011,58.0
1226,HTI,2012,65.91324802
1227,HTI,2013,80.41528097
1228,HTI,2014,65.0
1229,HTI,2015,64.40271465
1230,HTI,2016,75.6
1231,HND,2000,98.0
1232,HND,2001,99.0
1233,HND,2002,97.0
1234,HND,2003,95.0
1235,HND,2004,92.0
1236,HND,2005,96.0
1237,HND,2006,97.0
1238,HND,2007,96.0
1239,HND,2008,95.0
1240,HND,2009,99.77962962
1241,HND,2010,100.800269
1242,HND,2011,107.39168640000001
1243,HND,2012,93.30289712
1244,HND,2013,89.06
1245,HND,2014,88.1065308
1246,HND,2015,98.48
1247,HND,2016,102.23046
1248,HUN,2000,99.8
1249,HUN,2001,99.9
1250,HUN,2002,99.9
1251,HUN,2003,99.9
1252,HUN,2004,99.9
1253,HUN,2005,100.0
1254,HUN,2006,100.0
1255,HUN,2007,100.0
1256,HUN,2008,100.0
1257,HUN,2009,99.8
1258,HUN,2010,99.9
1259,HUN,2011,99.9
1260,HUN,2012,99.84
1261,HUN,2013,99.86366094
1262,HUN,2014,99.83499106
1263,HUN,2015,99.9
1264,HUN,2016,99.8
1265,ISL,2000,-1.0
1266,ISL,2001,-1.0
1267,ISL,2002,-1.0
1268,ISL,2003,93.0
1269,ISL,2004,93.0
1270,ISL,2005,-1.0
1271,ISL,2006,95.0
1272,ISL,2007,95.0
1273,ISL,2008,96.0
1274,ISL,2009,92.0
1275,ISL,2010,-1.0
1276,ISL,2011,94.26229508
1277,ISL,2012,90.0
1278,ISL,2013,91.3
1279,ISL,2014,90.0
1280,ISL,2015,93.0
1281,ISL,2016,92.0
1282,IND,2000,97.0
1283,IND,2001,95.0
1284,IND,2002,92.0
1285,IND,2003,86.0
1286,IND,2004,90.0
1287,IND,2005,93.0
1288,IND,2006,93.0
1289,IND,2007,91.0
1290,IND,2008,97.0
1291,IND,2009,95.0
1292,IND,2010,88.0
1293,IND,2011,89.0
1294,IND,2012,89.0
1295,IND,2013,89.0
1296,IND,2015,87.0
1297,IND,2016,88.35271868
1298,IDN,2000,64.7
1299,IDN,2001,75.7
1300,IDN,2002,91.0
1301,IDN,2003,90.4
1302,IDN,2004,92.0
1303,IDN,2005,87.0
1304,IDN,2006,89.0
1305,IDN,2007,90.0
1306,IDN,2008,91.0
1307,IDN,2009,92.1
1308,IDN,2010,94.0
1309,IDN,2011,94.0
1310,IDN,2012,99.0
1311,IDN,2013,98.0
1312,IDN,2014,91.83
1313,IDN,2015,92.28450411
1314,IDN,2016,92.97015999999999
1315,IRN,2000,100.0
1316,IRN,2001,96.0
1317,IRN,2002,100.8
1318,IRN,2003,99.0
1319,IRN,2004,96.0
1320,IRN,2005,94.0
1321,IRN,2006,99.0
1322,IRN,2007,97.0
1323,IRN,2008,98.0
1324,IRN,2009,99.0
1325,IRN,2010,99.0
1326,IRN,2011,99.0
1327,IRN,2012,97.94556165
1328,IRN,2013,98.0
1329,IRN,2014,99.29164919
1330,IRN,2015,99.0
1331,IRN,2016,99.34206569
1332,IRQ,2000,93.0
1333,IRQ,2001,81.6
1334,IRQ,2002,-1.0
1335,IRQ,2003,-1.0
1336,IRQ,2004,92.8
1337,IRQ,2005,84.7
1338,IRQ,2006,78.0
1339,IRQ,2007,69.0
1340,IRQ,2008,94.0
1341,IRQ,2009,96.5
1342,IRQ,2010,89.4
1343,IRQ,2011,90.6
1344,IRQ,2012,83.2
1345,IRQ,2013,77.2
1346,IRQ,2014,71.4
1347,IRQ,2015,71.4
1348,IRQ,2016,79.6
1349,IRL,2000,79.0
1350,IRL,2001,73.0
1351,IRL,2002,73.0
1352,IRL,2003,78.0
1353,IRL,2004,81.0
1354,IRL,2005,84.0
1355,IRL,2006,86.0
1356,IRL,2007,87.0
1357,IRL,2008,89.0
1358,IRL,2009,90.39922920000001
1359,IRL,2010,90.0
1360,IRL,2011,92.0
1361,IRL,2012,92.37
1362,IRL,2013,92.65
1363,IRL,2014,93.03
1364,IRL,2015,92.88
1365,IRL,2016,92.0
1366,ISR,2000,97.0
1367,ISR,2001,96.0
1368,ISR,2002,98.0
1369,ISR,2003,95.0
1370,ISR,2004,97.0
1371,ISR,2005,94.0
1372,ISR,2006,96.0
1373,ISR,2007,97.0
1374,ISR,2008,98.0
1375,ISR,2009,97.0
1376,ISR,2010,96.0
1377,ISR,2011,97.0
1378,ISR,2012,96.0
1379,ISR,2013,98.0
1380,ISR,2014,97.0
1381,ISR,2015,98.0
1382,ISR,2016,97.0
1383,ITA,2000,74.0
1384,ITA,2001,77.0
1385,ITA,2002,81.0
1386,ITA,2003,84.0
1387,ITA,2004,86.0
1388,ITA,2005,87.0
1389,ITA,2006,88.0
1390,ITA,2007,90.0
1391,ITA,2008,90.0
1392,ITA,2009,90.0
1393,ITA,2010,91.0
1394,ITA,2011,90.1
1395,ITA,2012,90.3
1396,ITA,2015,85.23
1397,ITA,2016,-1.0
1398,JAM,2000,88.1
1399,JAM,2001,84.6
1400,JAM,2002,85.7
1401,JAM,2003,78.0
1402,JAM,2004,86.0
1403,JAM,2005,84.01
1404,JAM,2006,87.0
1405,JAM,2007,76.0
1406,JAM,2008,88.0
1407,JAM,2009,87.98006192
1408,JAM,2010,88.48469979
1409,JAM,2011,87.84939283
1410,JAM,2012,92.62332755
1411,JAM,2013,94.02257175
1412,JAM,2014,92.04078998
1413,JAM,2015,90.84
1414,JAM,2016,94.94251025
1415,JPN,2000,-1.0
1416,JPN,2001,98.0
1417,JPN,2002,104.5
1418,JPN,2003,102.0
1419,JPN,2004,102.0
1420,JPN,2005,98.0
1421,JPN,2006,97.0
1422,JPN,2007,98.0
1423,JPN,2008,97.38576850000001
1424,JPN,2009,94.3
1425,JPN,2010,94.27896437
1426,JPN,2011,93.56484498
1427,JPN,2012,95.7
1428,JPN,2013,95.3
1429,JPN,2014,97.5
1430,JPN,2015,95.5
1431,JPN,2016,96.4
1432,JOR,2000,94.0
1433,JOR,2001,99.0
1434,JOR,2002,96.0
1435,JOR,2003,98.0
1436,JOR,2004,99.0
1437,JOR,2005,100.0
1438,JOR,2006,100.0
1439,JOR,2007,102.0
1440,JOR,2008,110.0
1441,JOR,2009,103.0
1442,JOR,2010,97.12050062
1443,JOR,2011,97.0
1444,JOR,2012,99.0
1445,JOR,2013,94.0
1446,JOR,2014,97.0
1447,JOR,2015,95.0
1448,JOR,2016,96.0
1449,KAZ,2000,99.0
1450,KAZ,2001,100.1
1451,KAZ,2002,98.7
1452,KAZ,2003,99.5
1453,KAZ,2004,98.9
1454,KAZ,2005,100.0
1455,KAZ,2006,99.0
1456,KAZ,2007,100.0
1457,KAZ,2008,100.0
1458,KAZ,2009,99.3
1459,KAZ,2010,96.84299999
1460,KAZ,2011,99.61708006
1461,KAZ,2012,95.9
1462,KAZ,2013,100.0
1463,KAZ,2014,106.6
1464,KAZ,2015,-1.0
1465,KAZ,2016,99.4
1466,KEN,2000,46.0
1467,KEN,2001,58.0
1468,KEN,2002,55.0
1469,KEN,2003,69.0
1470,KEN,2004,65.0
1471,KEN,2005,69.0
1472,KEN,2006,77.0
1473,KEN,2007,80.0
1474,KEN,2008,76.0
1475,KEN,2009,74.0
1476,KEN,2010,86.0
1477,KEN,2011,86.99335846
1478,KEN,2012,93.03
1479,KEN,2013,72.73237428
1480,KEN,2014,77.39315342
1481,KEN,2015,75.12191659
1482,KEN,2016,74.65401585
1483,KIR,2000,71.95
1484,KIR,2001,76.5
1485,KIR,2002,88.2
1486,KIR,2003,-1.0
1487,KIR,2004,56.0
1488,KIR,2005,85.0
1489,KIR,2006,61.0
1490,KIR,2007,93.0
1491,KIR,2008,-1.0
1492,KIR,2009,81.5
1493,KIR,2010,88.63
1494,KIR,2011,90.0
1495,KIR,2012,-1.0
1496,KIR,2013,-1.0
1497,KIR,2014,-1.0
1498,KIR,2015,84.0
1499,KIR,2016,80.16499283
1500,KWT,2000,98.8
1501,KWT,2001,-1.0
1502,KWT,2002,-1.0
1503,KWT,2003,-1.0
1504,KWT,2004,-1.0
1505,KWT,2005,99.0
1506,KWT,2006,99.0
1507,KWT,2007,99.0
1508,KWT,2008,99.0
1509,KWT,2009,99.0
1510,KWT,2010,98.47000899999999
1511,KWT,2011,99.0
1512,KWT,2012,99.0
1513,KWT,2013,99.82070284
1514,KWT,2014,91.14620458
1515,KWT,2015,93.2
1516,KGZ,2000,97.8
1517,KGZ,2001,98.9
1518,KGZ,2002,98.0
1519,KGZ,2003,99.7
1520,KGZ,2004,99.3
1521,KGZ,2005,98.9
1522,KGZ,2006,97.0
1523,KGZ,2007,99.0
1524,KGZ,2008,99.0
1525,KGZ,2009,98.9
1526,KGZ,2010,98.8
1527,KGZ,2011,97.2
1528,KGZ,2012,98.0
1529,KGZ,2013,98.6
1530,KGZ,2014,95.6
1531,KGZ,2015,99.0
1532,KGZ,2016,-1.0
1533,LAO,2000,36.0
1534,LAO,2001,72.9
1535,LAO,2002,76.0
1536,LAO,2003,41.0
1537,LAO,2004,36.0
1538,LAO,2005,41.0
1539,LAO,2006,48.0
1540,LAO,2007,40.0
1541,LAO,2008,52.0
1542,LAO,2009,59.0
1543,LAO,2010,64.0
1544,LAO,2011,68.64764378
1545,LAO,2012,71.65
1546,LAO,2013,82.0
1547,LAO,2014,87.0
1548,LAO,2015,88.0
1549,LAO,2016,76.0
1550,LVA,2000,97.0
1551,LVA,2001,96.0
1552,LVA,2002,96.0
1553,LVA,2003,104.0
1554,LVA,2004,101.0
1555,LVA,2005,102.0
1556,LVA,2006,98.0
1557,LVA,2007,95.0
1558,LVA,2008,96.0
1559,LVA,2009,92.0
1560,LVA,2010,93.0
1561,LVA,2011,92.0
1562,LVA,2012,90.0
1563,LVA,2013,96.0
1564,LVA,2014,95.0
1565,LVA,2015,95.9937859
1566,LVA,2016,93.24810046
1567,LBN,2000,34.6
1568,LBN,2001,-1.0
1569,LBN,2002,69.0
1570,LBN,2003,54.0
1571,LBN,2004,52.77
1572,LBN,2005,53.7
1573,LBN,2006,48.5
1574,LBN,2007,55.0
1575,LBN,2008,56.0
1576,LBN,2009,93.4
1577,LBN,2010,94.88
1578,LBN,2011,97.9
1579,LBN,2012,97.7
1580,LBN,2013,99.01
1581,LBN,2014,97.5
1582,LBN,2015,90.89
1583,LBN,2016,90.0
1584,LSO,2000,-1.0
1585,LSO,2001,72.0
1586,LSO,2002,53.0
1587,LSO,2003,55.0
1588,LSO,2004,59.0
1589,LSO,2005,67.0
1590,LSO,2006,78.0
1591,LSO,2007,72.0
1592,LSO,2008,68.0
1593,LSO,2009,70.0
1594,LSO,2010,66.570989
1595,LSO,2011,61.0
1596,LSO,2012,60.0
1597,LSO,2013,61.0
1598,LSO,2014,58.0
1599,LSO,2015,66.0
1600,LSO,2016,60.0
1601,LBR,2000,52.0
1602,LBR,2001,78.0
1603,LBR,2002,57.0
1604,LBR,2003,53.0
1605,LBR,2004,42.0
1606,LBR,2005,94.0
1607,LBR,2006,94.0
1608,LBR,2007,95.0
1609,LBR,2008,95.0
1610,LBR,2009,96.0
1611,LBR,2010,72.0
1612,LBR,2011,71.0
1613,LBR,2012,80.24673449
1614,LBR,2013,74.0
1615,LBR,2014,57.58602959
1616,LBR,2015,64.0
1617,LBR,2016,80.0
1618,LBY,2000,-1.0
1619,LBY,2001,93.2
1620,LBY,2002,-1.0
1621,LBY,2003,-1.0
1622,LBY,2004,100.0
1623,LBY,2005,93.3
1624,LBY,2006,95.0
1625,LBY,2007,93.0
1626,LBY,2008,95.0
1627,LBY,2009,96.58
1628,LBY,2012,96.4
1629,LBY,2014,92.8
1630,LBY,2015,91.1
1631,LBY,2016,91.9
1632,LTU,2000,97.0
1633,LTU,2001,97.4
1634,LTU,2002,97.9
1635,LTU,2003,97.7
1636,LTU,2004,97.7
1637,LTU,2005,97.2
1638,LTU,2006,97.0
1639,LTU,2007,97.0
1640,LTU,2008,97.0
1641,LTU,2009,96.9
1642,LTU,2010,96.1
1643,LTU,2011,93.73938814
1644,LTU,2012,93.44
1645,LTU,2013,93.25
1646,LTU,2014,93.36
1647,LTU,2015,94.15
1648,LTU,2016,93.72
1649,LUX,2000,-1.0
1650,LUX,2001,-1.0
1651,LUX,2002,-1.0
1652,LUX,2003,-1.0
1653,LUX,2004,-1.0
1654,LUX,2005,-1.0
1655,LUX,2006,-1.0
1656,LUX,2007,-1.0
1657,LUX,2008,-1.0
1658,LUX,2009,-1.0
1659,LUX,2010,-1.0
1660,LUX,2011,-1.0
1661,LUX,2012,-1.0
1662,LUX,2013,-1.0
1663,LUX,2015,-1.0
1664,LUX,2016,-1.0
1665,MKD,2000,97.1
1666,MKD,2001,92.2
1667,MKD,2002,97.8
1668,MKD,2003,96.0
1669,MKD,2004,96.4
1670,MKD,2005,96.4
1671,MKD,2006,94.0
1672,MKD,2007,96.0
1673,MKD,2008,98.0
1674,MKD,2009,95.81188685
1675,MKD,2010,98.11912226
1676,MKD,2011,97.45225812
1677,MKD,2012,96.0
1678,MKD,2013,96.13633349999999
1679,MKD,2014,93.25186941
1680,MKD,2015,88.75904285
1681,MKD,2016,82.10062601
1682,MDG,2000,81.0
1683,MDG,2001,-1.0
1684,MDG,2002,61.0
1685,MDG,2003,86.0
1686,MDG,2004,98.0
1687,MDG,2005,83.8
1688,MDG,2006,84.0
1689,MDG,2007,98.0
1690,MDG,2008,91.0
1691,MDG,2009,84.85583397
1692,MDG,2010,88.48873201
1693,MDG,2011,84.76591416
1694,MDG,2012,84.45024946
1695,MDG,2013,86.0
1696,MDG,2014,86.68905249
1697,MDG,2015,80.96897457
1698,MDG,2016,97.45
1699,MWI,2000,-1.0
1700,MWI,2001,81.0
1701,MWI,2002,69.0
1702,MWI,2003,77.0
1703,MWI,2004,80.0
1704,MWI,2005,82.0
1705,MWI,2006,79.0
1706,MWI,2007,83.0
1707,MWI,2008,88.0
1708,MWI,2009,92.0
1709,MWI,2010,99.0
1710,MWI,2011,96.0
1711,MWI,2012,90.0
1712,MWI,2013,91.0
1713,MWI,2014,91.0
1714,MWI,2015,86.5
1715,MWI,2016,81.0
1716,MYS,2000,88.0
1717,MYS,2001,92.0
1718,MYS,2002,76.0
1719,MYS,2003,94.0
1720,MYS,2004,71.0
1721,MYS,2005,90.0
1722,MYS,2006,88.0
1723,MYS,2007,84.0
1724,MYS,2008,94.0
1725,MYS,2009,96.95
1726,MYS,2010,96.01833367
1727,MYS,2011,95.16976181
1728,MYS,2012,95.48
1729,MYS,2013,95.25
1730,MYS,2014,94.02
1731,MYS,2015,93.07
1732,MYS,2016,-1.0
1733,MDV,2000,99.0
1734,MDV,2001,98.0
1735,MDV,2002,97.0
1736,MDV,2003,96.9
1737,MDV,2004,97.0
1738,MDV,2005,97.0
1739,MDV,2006,97.0
1740,MDV,2007,97.0
1741,MDV,2008,97.0
1742,MDV,2009,98.0
1743,MDV,2010,97.0
1744,MDV,2011,95.61866126
1745,MDV,2012,98.44825062
1746,MDV,2013,99.40835851
1747,MDV,2014,100.2418896
1748,MDV,2015,99.32
1749,MDV,2016,99.5
1750,MLI,2000,55.0
1751,MLI,2001,68.0
1752,MLI,2002,64.0
1753,MLI,2003,68.0
1754,MLI,2004,75.0
1755,MLI,2005,86.0
1756,MLI,2006,-1.0
1757,MLI,2007,87.0
1758,MLI,2008,97.0
1759,MLI,2009,86.03859446
1760,MLI,2010,89.0
1761,MLI,2011,82.0
1762,MLI,2012,85.0
1763,MLI,2013,90.0
1764,MLI,2014,90.0
1765,MLI,2015,86.0
1766,MLI,2016,91.0
1767,MLT,2000,0.6
1768,MLT,2001,0.27
1769,MLT,2002,0.34
1770,MLT,2003,49.8
1771,MLT,2004,94.0
1772,MLT,2005,86.01
1773,MLT,2006,94.0
1774,MLT,2007,79.0
1775,MLT,2008,78.0
1776,MLT,2009,81.8
1777,MLT,2010,72.55
1778,MLT,2011,83.6
1779,MLT,2012,92.7
1780,MLT,2013,98.50299401
1781,MLT,2014,98.06
1782,MLT,2015,88.98
1783,MLT,2016,92.6
1784,MHL,2000,64.0
1785,MHL,2001,64.0
1786,MHL,2002,82.0
1787,MHL,2003,93.0
1788,MHL,2004,70.0
1789,MHL,2005,86.0
1790,MHL,2006,81.0
1791,MHL,2007,94.0
1792,MHL,2009,78.10831426
1793,MHL,2010,96.82926829
1794,MHL,2011,-1.0
1795,MHL,2012,78.12692545
1796,MHL,2013,70.31900139
1797,MHL,2014,28.87746358
1798,MHL,2015,65.55066079
1799,MHL,2016,39.68547641
1800,MRT,2000,-1.0
1801,MRT,2001,58.0
1802,MRT,2002,81.0
1803,MRT,2003,71.0
1804,MRT,2004,64.0
1805,MRT,2005,61.0
1806,MRT,2006,62.0
1807,MRT,2007,67.0
1808,MRT,2008,65.0
1809,MRT,2009,59.38705199
1810,MRT,2010,67.12280438
1811,MRT,2011,67.00014411
1812,MRT,2012,69.64705726
1813,MRT,2013,72.6201982
1814,MRT,2014,75.05606929
1815,MRT,2015,69.9
1816,MRT,2016,83.29585485
1817,MUS,2000,83.9
1818,MUS,2001,90.0
1819,MUS,2002,-1.0
1820,MUS,2003,94.0
1821,MUS,2004,90.0
1822,MUS,2005,88.5
1823,MUS,2006,91.0
1824,MUS,2007,91.0
1825,MUS,2008,89.0
1826,MUS,2009,92.96090861
1827,MUS,2010,88.6962973
1828,MUS,2011,89.03581267
1829,MUS,2012,89.0
1830,MUS,2013,90.0
1831,MUS,2014,88.0
1832,MUS,2015,89.0
1833,MUS,2016,82.0
1834,MEX,2000,95.9
1835,MEX,2001,95.2
1836,MEX,2002,95.7
1837,MEX,2003,96.44
1838,MEX,2004,96.0
1839,MEX,2005,96.35
1840,MEX,2006,96.0
1841,MEX,2007,96.0
1842,MEX,2008,96.0
1843,MEX,2009,96.0
1844,MEX,2010,95.22950509
1845,MEX,2011,98.40995484
1846,MEX,2012,98.81
1847,MEX,2013,88.67
1848,MEX,2014,97.84207484
1849,MEX,2015,100.94
1850,MEX,2016,96.47902154
1851,FSM,2000,85.0
1852,FSM,2001,84.0
1853,FSM,2002,-1.0
1854,FSM,2003,91.0
1855,FSM,2004,85.0
1856,FSM,2005,96.0
1857,FSM,2006,83.0
1858,FSM,2007,85.0
1859,FSM,2008,-1.0
1860,FSM,2009,86.0
1861,FSM,2010,-1.0
1862,FSM,2011,92.0
1863,FSM,2012,90.85
1864,FSM,2013,91.31
1865,FSM,2014,93.9
1866,FSM,2015,74.0
1867,FSM,2016,70.0
1868,MCO,2000,-1.0
1869,MCO,2001,-1.0
1870,MCO,2002,-1.0
1871,MCO,2003,-1.0
1872,MCO,2004,-1.0
1873,MNG,2000,92.0
1874,MNG,2001,95.1
1875,MNG,2002,98.0
1876,MNG,2003,98.0
1877,MNG,2004,99.0
1878,MNG,2005,97.0
1879,MNG,2006,99.0
1880,MNG,2007,98.0
1881,MNG,2008,97.0
1882,MNG,2009,96.40004186
1883,MNG,2010,98.96616832
1884,MNG,2011,86.24178191
1885,MNG,2012,98.83104646
1886,MNG,2013,97.04982935
1887,MNG,2014,92.44258302
1888,MNG,2015,93.6080455
1889,MNG,2016,98.5
1890,MNE,2006,92.0
1891,MNE,2007,92.0
1892,MNE,2008,90.0
1893,MNE,2009,85.9
1894,MNE,2010,90.0
1895,MNE,2011,90.7
1896,MNE,2012,90.3
1897,MNE,2013,88.0
1898,MNE,2014,76.0
1899,MNE,2015,64.0
1900,MNE,2016,46.58
1901,MAR,2000,90.0
1902,MAR,2001,91.0
1903,MAR,2002,90.0
1904,MAR,2003,87.0
1905,MAR,2004,92.0
1906,MAR,2005,94.0
1907,MAR,2006,92.0
1908,MAR,2007,92.0
1909,MAR,2008,93.0
1910,MAR,2009,96.0
1911,MAR,2010,96.0
1912,MAR,2011,99.0
1913,MAR,2012,99.0
1914,MAR,2013,98.0
1915,MAR,2014,96.0
1916,MAR,2015,99.0
1917,MAR,2016,100.0
1918,MOZ,2000,97.0
1919,MOZ,2001,92.0
1920,MOZ,2002,94.0
1921,MOZ,2003,96.0
1922,MOZ,2004,94.0
1923,MOZ,2005,86.1
1924,MOZ,2006,95.0
1925,MOZ,2007,76.0
1926,MOZ,2008,96.0
1927,MOZ,2009,90.0
1928,MOZ,2010,90.69931302
1929,MOZ,2011,89.1
1930,MOZ,2012,90.6
1931,MOZ,2013,87.0
1932,MOZ,2014,91.0
1933,MOZ,2015,88.0
1934,MOZ,2016,91.0
1935,MMR,2000,84.0
1936,MMR,2001,78.0
1937,MMR,2002,75.0
1938,MMR,2003,75.0
1939,MMR,2004,100.0
1940,MMR,2005,71.1
1941,MMR,2006,62.0
1942,MMR,2007,78.0
1943,MMR,2008,83.0
1944,MMR,2009,87.29791449
1945,MMR,2010,88.31099091
1946,MMR,2011,88.31145679
1947,MMR,2012,83.526258
1948,MMR,2013,86.35621463
1949,MMR,2014,87.6394032
1950,MMR,2015,83.78655456
1951,MMR,2016,91.0
1952,NAM,2000,67.0
1953,NAM,2001,58.0
1954,NAM,2002,68.0
1955,NAM,2003,70.0
1956,NAM,2004,70.0
1957,NAM,2005,-1.0
1958,NAM,2006,-1.0
1959,NAM,2007,61.0
1960,NAM,2008,73.0
1961,NAM,2009,76.0
1962,NAM,2010,73.66926288
1963,NAM,2011,75.0
1964,NAM,2012,76.0
1965,NAM,2013,82.0
1966,NAM,2014,83.0
1967,NAM,2015,85.0
1968,NAM,2016,75.0
1969,NRU,2000,7.9
1970,NRU,2001,-1.0
1971,NRU,2002,40.0
1972,NRU,2003,-1.0
1973,NRU,2004,-1.0
1974,NRU,2005,63.0
1975,NRU,2006,100.0
1976,NRU,2007,100.0
1977,NRU,2008,100.0
1978,NRU,2009,100.0
1979,NRU,2010,100.0
1980,NRU,2011,100.0
1981,NRU,2012,-1.0
1982,NRU,2014,98.0
1983,NRU,2015,98.0
1984,NPL,2000,87.24
1985,NPL,2001,84.6
1986,NPL,2002,83.4
1987,NPL,2003,80.2
1988,NPL,2004,85.4
1989,NPL,2005,79.25
1990,NPL,2006,88.0
1991,NPL,2007,83.0
1992,NPL,2008,79.0
1993,NPL,2009,75.0
1994,NPL,2010,86.0
1995,NPL,2011,87.7063392
1996,NPL,2012,86.39653665
1997,NPL,2013,87.85956027
1998,NPL,2014,88.20719311
1999,NPL,2015,84.97820309
2000,NPL,2016,77.12816119
2001,NLD,2000,95.6
2002,NLD,2001,95.4
2003,NLD,2002,95.2
2004,NLD,2003,95.8
2005,NLD,2004,96.3
2006,NLD,2005,95.4
2007,NLD,2006,95.9
2008,NLD,2007,96.0
2009,NLD,2008,96.2
2010,NLD,2009,96.2
2011,NLD,2010,95.88627623
2012,NLD,2011,95.93822995
2013,NLD,2012,96.07881453
2014,NLD,2013,96.00327582
2015,NLD,2014,95.5080147
2016,NLD,2015,94.8
2017,NLD,2016,93.77993957
2018,NZL,2000,85.2
2019,NZL,2001,85.2
2020,NZL,2002,-1.0
2021,NZL,2003,-1.0
2022,NZL,2004,-1.0
2023,NZL,2005,-1.0
2024,NZL,2006,-1.0
2025,NZL,2007,-1.0
2026,NZL,2009,-1.0
2027,NZL,2010,91.27114104
2028,NZL,2011,93.25
2029,NZL,2012,92.40645521
2030,NZL,2013,92.40530667
2031,NZL,2014,92.5725412
2032,NZL,2015,92.59956721
2033,NZL,2016,92.13220529
2034,NIC,2000,104.0
2035,NIC,2001,101.0
2036,NIC,2003,93.0
2037,NIC,2004,84.0
2038,NIC,2005,96.16
2039,NIC,2006,98.0
2040,NIC,2007,105.0
2041,NIC,2008,109.0
2042,NIC,2009,104.2857559
2043,NIC,2010,105.0964862
2044,NIC,2011,108.97403359999998
2045,NIC,2012,114.3669273
2046,NIC,2013,113.5438757
2047,NIC,2014,112.92899809999999
2048,NIC,2015,115.67116899999999
2049,NIC,2016,114.0422596
2050,NER,2000,35.0
2051,NER,2001,52.0
2052,NER,2002,47.0
2053,NER,2003,64.0
2054,NER,2004,74.0
2055,NER,2005,83.0
2056,NER,2006,104.0
2057,NER,2007,67.0
2058,NER,2008,80.0
2059,NER,2009,87.0
2060,NER,2010,89.0
2061,NER,2011,94.0
2062,NER,2012,91.0
2063,NER,2013,92.0
2064,NER,2014,88.0
2065,NER,2015,89.0
2066,NER,2016,90.0
2067,NGA,2000,30.0
2068,NGA,2001,-1.0
2069,NGA,2002,-1.0
2070,NGA,2003,-1.0
2071,NGA,2004,-1.0
2072,NGA,2005,38.324119200000005
2073,NGA,2006,114.0
2074,NGA,2007,86.0
2075,NGA,2008,86.0
2076,NGA,2009,90.0
2077,NGA,2010,97.0
2078,NGA,2011,97.00993809
2079,NGA,2012,80.0
2080,NGA,2013,99.97403843
2081,NGA,2014,97.0
2082,NGA,2015,-1.0
2083,NGA,2016,-1.0
2084,NOR,2000,88.0
2085,NOR,2001,90.0
2086,NOR,2002,87.0
2087,NOR,2003,86.0
2088,NOR,2004,89.0
2089,NOR,2005,90.0
2090,NOR,2006,92.0
2091,NOR,2007,92.0
2092,NOR,2008,93.0
2093,NOR,2009,93.0
2094,NOR,2010,93.0
2095,NOR,2011,93.0
2096,NOR,2012,94.0
2097,NOR,2013,93.0
2098,NOR,2014,94.0
2099,NOR,2015,95.0
2100,NOR,2016,96.0
2101,OMN,2000,99.78
2102,OMN,2001,99.99
2103,OMN,2002,99.0
2104,OMN,2003,97.89
2105,OMN,2004,98.0
2106,OMN,2005,97.84
2107,OMN,2006,96.0
2108,OMN,2007,97.0
2109,OMN,2008,102.0
2110,OMN,2009,105.04905190000001
2111,OMN,2010,102.55898140000001
2112,OMN,2011,100.2544118
2113,OMN,2012,105.3497942
2114,OMN,2013,103.0
2115,OMN,2014,99.66804029
2116,OMN,2015,99.63202593
2117,OMN,2016,99.99057682
2118,PAK,2000,75.0
2119,PAK,2001,75.0
2120,PAK,2002,68.0
2121,PAK,2003,-1.0
2122,PAK,2004,68.1
2123,PAK,2005,77.0
2124,PAK,2006,84.0
2125,PAK,2007,87.0
2126,PAK,2008,85.0
2127,PAK,2009,86.0
2128,PAK,2010,96.0
2129,PAK,2011,94.0
2130,PAK,2012,97.0
2131,PAK,2013,99.0
2132,PAK,2014,90.03349365
2133,PAK,2015,86.0
2134,PAK,2016,90.0
2135,PLW,2000,83.0
2136,PLW,2001,-1.0
2137,PLW,2002,99.0
2138,PLW,2003,-1.0
2139,PLW,2004,98.0
2140,PLW,2005,98.0
2141,PLW,2006,97.0
2142,PLW,2007,91.0
2143,PLW,2008,97.0
2144,PLW,2009,75.0
2145,PLW,2010,39.0
2146,PLW,2011,85.0
2147,PLW,2012,90.97744361
2148,PLW,2013,98.65470852
2149,PLW,2014,83.0
2150,PLW,2015,95.0
2151,PLW,2016,96.0
2152,PAN,2000,97.0
2153,PAN,2001,95.0
2154,PAN,2002,103.0
2155,PAN,2003,95.0
2156,PAN,2004,106.0
2157,PAN,2005,99.0
2158,PAN,2006,95.0
2159,PAN,2007,84.0
2160,PAN,2008,100.0
2161,PAN,2009,85.0
2162,PAN,2010,104.74957579999999
2163,PAN,2011,96.77125219
2164,PAN,2012,98.20662323
2165,PAN,2013,92.01842422
2166,PAN,2014,90.49377577
2167,PAN,2015,102.206655
2168,PAN,2016,100.94480759999999
2169,PNG,2000,68.0
2170,PNG,2001,49.0
2171,PNG,2002,56.0
2172,PNG,2003,49.0
2173,PNG,2004,44.0
2174,PNG,2005,-1.0
2175,PNG,2006,64.0
2176,PNG,2007,58.0
2177,PNG,2008,58.0
2178,PNG,2009,54.51995295
2179,PNG,2010,54.50883067
2180,PNG,2011,56.05279213
2181,PNG,2012,63.61238744
2182,PNG,2013,65.20300953
2183,PNG,2014,60.93933448
2184,PNG,2015,56.44068615
2185,PNG,2016,47.20634004
2186,PRY,2000,92.0
2187,PRY,2002,86.0
2188,PRY,2003,90.77756589
2189,PRY,2004,88.0
2190,PRY,2005,89.78
2191,PRY,2006,88.0
2192,PRY,2007,80.0
2193,PRY,2008,77.0
2194,PRY,2009,71.43997241
2195,PRY,2010,76.68577835
2196,PRY,2011,76.3
2197,PRY,2012,74.01659103
2198,PRY,2013,75.37942551
2199,PRY,2014,72.4
2200,PRY,2015,65.6
2201,PRY,2016,91.0
2202,PER,2000,-1.0
2203,PER,2001,97.3
2204,PER,2003,94.7058
2205,PER,2004,89.0
2206,PER,2005,30.7
2207,PER,2006,102.0
2208,PER,2007,95.0
2209,PER,2008,90.19831845
2210,PER,2009,91.07820363
2211,PER,2010,93.90066309999999
2212,PER,2011,95.4953517
2213,PER,2012,93.80737756
2214,PER,2013,84.69269665
2215,PER,2014,88.56491319
2216,PER,2015,92.39677913
2217,PER,2016,87.98470199
2218,PHL,2000,-1.0
2219,PHL,2001,81.0
2220,PHL,2002,82.0
2221,PHL,2003,87.0
2222,PHL,2004,92.0
2223,PHL,2005,92.0
2224,PHL,2006,92.0
2225,PHL,2007,92.0
2226,PHL,2008,92.0
2227,PHL,2009,88.0
2228,PHL,2010,80.0
2229,PHL,2011,82.0
2230,PHL,2012,82.0
2231,PHL,2013,82.0
2232,PHL,2014,74.42906914
2233,PHL,2015,77.0
2234,PHL,2016,74.58697564
2235,POL,2000,97.4
2236,POL,2001,97.2
2237,POL,2002,97.6
2238,POL,2003,97.5
2239,POL,2004,97.0
2240,POL,2005,98.2
2241,POL,2006,99.0
2242,POL,2007,98.0
2243,POL,2008,98.0
2244,POL,2009,98.0
2245,POL,2010,98.2
2246,POL,2011,98.0
2247,POL,2012,97.9
2248,POL,2013,97.5
2249,POL,2014,97.0
2250,POL,2015,96.0
2251,PRT,2000,86.9
2252,PRT,2001,-1.0
2253,PRT,2002,91.9
2254,PRT,2003,96.3
2255,PRT,2004,95.0
2256,PRT,2005,92.6
2257,PRT,2006,94.0
2258,PRT,2007,92.0
2259,PRT,2008,97.0
2260,PRT,2009,96.0
2261,PRT,2010,96.0
2262,PRT,2011,97.0
2263,PRT,2012,-1.0
2264,PRT,2013,-1.0
2265,PRT,2014,-1.0
2266,PRT,2015,-1.0
2267,QAT,2000,91.0
2268,QAT,2001,92.0
2269,QAT,2002,100.0
2270,QAT,2003,93.0
2271,QAT,2004,99.0
2272,QAT,2005,100.0
2273,QAT,2006,99.0
2274,QAT,2007,92.0
2275,QAT,2009,101.81220909999999
2276,QAT,2010,99.37999159
2277,QAT,2011,100.0
2278,QAT,2012,96.61842105
2279,QAT,2013,99.9
2280,QAT,2014,104.0
2281,QAT,2015,100.0
2282,QAT,2016,106.0
2283,KOR,2000,95.0
2284,KOR,2001,65.5
2285,KOR,2002,97.0
2286,KOR,2003,96.0
2287,KOR,2004,99.5
2288,KOR,2005,99.9
2289,KOR,2006,100.0
2290,KOR,2007,92.0
2291,KOR,2008,92.0
2292,KOR,2009,92.7
2293,KOR,2010,95.27
2294,KOR,2011,87.95879103
2295,KOR,2012,94.82319113
2296,KOR,2013,96.6990647
2297,KOR,2014,96.51692576
2298,KOR,2015,98.07230078
2299,KOR,2016,98.18593948
2300,MDA,2000,89.0
2301,MDA,2001,94.0
2302,MDA,2002,94.0
2303,MDA,2003,96.0
2304,MDA,2004,96.0
2305,MDA,2005,97.0
2306,MDA,2006,97.0
2307,MDA,2007,96.0
2308,MDA,2008,95.0
2309,MDA,2009,90.34185500000001
2310,MDA,2010,95.97683015
2311,MDA,2011,92.66791847
2312,MDA,2012,93.64159232
2313,MDA,2013,90.75490373
2314,MDA,2014,86.98443197
2315,MDA,2015,88.88042816
2316,MDA,2016,86.45992969
2317,ROU,2000,-1.0
2318,ROU,2001,-1.0
2319,ROU,2002,-1.0
2320,ROU,2003,-1.0
2321,ROU,2004,-1.0
2322,ROU,2005,-1.0
2323,ROU,2006,-1.0
2324,ROU,2007,-1.0
2325,ROU,2008,-1.0
2326,ROU,2009,-1.0
2327,ROU,2010,-1.0
2328,ROU,2011,-1.0
2329,ROU,2012,-1.0
2330,ROU,2013,-1.0
2331,ROU,2014,-1.0
2332,ROU,2015,-1.0
2333,ROU,2016,-1.0
2334,RUS,2000,97.0
2335,RUS,2001,98.4
2336,RUS,2002,97.9
2337,RUS,2003,96.7
2338,RUS,2004,98.4
2339,RUS,2005,99.0
2340,RUS,2006,-1.0
2341,RUS,2007,99.0
2342,RUS,2008,99.0
2343,RUS,2009,98.5
2344,RUS,2010,98.0
2345,RUS,2011,98.2
2346,RUS,2012,98.1
2347,RUS,2013,98.06
2348,RUS,2014,97.78
2349,RUS,2015,97.9
2350,RUS,2016,97.72
2351,RWA,2000,40.0
2352,RWA,2001,69.0
2353,RWA,2002,69.0
2354,RWA,2003,90.0
2355,RWA,2004,84.0
2356,RWA,2005,89.0
2357,RWA,2006,95.0
2358,RWA,2007,101.0
2359,RWA,2008,92.0
2360,RWA,2009,92.69341013
2361,RWA,2010,81.9602235
2362,RWA,2011,76.71521091
2363,RWA,2012,102.4074327
2364,RWA,2013,99.32127265
2365,RWA,2014,97.48217705
2366,RWA,2015,101.0161316
2367,RWA,2016,99.47430127
2368,KNA,2000,100.0
2369,KNA,2001,93.6
2370,KNA,2003,92.54807692
2371,KNA,2004,98.0
2372,KNA,2005,-1.0
2373,KNA,2006,103.0
2374,KNA,2007,99.0
2375,KNA,2008,99.0
2376,KNA,2009,102.5062657
2377,KNA,2010,101.4669927
2378,KNA,2011,102.14899709999999
2379,KNA,2012,95.41160594
2380,KNA,2013,98.9261745
2381,KNA,2014,92.82442748
2382,KNA,2015,95.39748954
2383,KNA,2016,98.02259887
2384,LCA,2000,-1.0
2385,LCA,2001,89.0
2386,LCA,2003,85.71428571
2387,LCA,2004,95.0
2388,LCA,2005,94.18
2389,LCA,2006,94.0
2390,LCA,2007,94.0
2391,LCA,2008,100.0
2392,LCA,2009,101.06432209999998
2393,LCA,2010,95.14043691
2394,LCA,2011,91.0
2395,LCA,2012,102.9617663
2396,LCA,2013,101.2941762
2397,LCA,2014,101.5515516
2398,LCA,2015,96.52173913
2399,LCA,2016,104.9848943
2400,VCT,2000,96.22
2401,VCT,2001,98.0
2402,VCT,2003,-1.0
2403,VCT,2004,99.0
2404,VCT,2005,97.43
2405,VCT,2006,100.0
2406,VCT,2007,105.0
2407,VCT,2008,107.0
2408,VCT,2009,104.2689434
2409,VCT,2010,99.73488865
2410,VCT,2011,102.6963658
2411,VCT,2012,93.55216882
2412,VCT,2013,99.60563379999999
2413,VCT,2014,100.7189934
2414,VCT,2015,112.217471
2415,VCT,2016,99.94
2416,WSM,2000,93.0
2417,WSM,2001,92.0
2418,WSM,2002,99.0
2419,WSM,2003,-1.0
2420,WSM,2004,25.0
2421,WSM,2005,57.0
2422,WSM,2006,54.0
2423,WSM,2007,63.0
2424,WSM,2008,45.0
2425,WSM,2009,49.0
2426,WSM,2010,60.59751973
2427,WSM,2011,67.0
2428,WSM,2012,84.63223216
2429,WSM,2013,98.7
2430,WSM,2014,91.0
2431,WSM,2015,-1.0
2432,WSM,2016,77.0
2433,SMR,2000,74.0
2434,SMR,2001,-1.0
2435,SMR,2002,-1.0
2436,SMR,2003,90.62
2437,SMR,2004,97.5
2438,SMR,2005,94.1
2439,SMR,2006,94.0
2440,SMR,2007,92.0
2441,SMR,2008,73.0
2442,SMR,2009,92.89617486
2443,SMR,2010,68.24146982
2444,SMR,2011,82.77945619
2445,SMR,2012,87.10526316
2446,SMR,2013,73.78640777
2447,SMR,2014,56.59163987
2448,SMR,2015,53.13432836
2449,SMR,2016,62.33333333
2450,STP,2000,68.91
2451,STP,2001,74.9
2452,STP,2002,85.0
2453,STP,2003,87.0
2454,STP,2004,91.0
2455,STP,2005,88.3
2456,STP,2006,84.0
2457,STP,2007,86.0
2458,STP,2008,93.0
2459,STP,2009,90.0
2460,STP,2010,92.5
2461,STP,2011,91.3
2462,STP,2012,91.6
2463,STP,2013,90.6
2464,STP,2014,92.0
2465,STP,2015,92.6
2466,STP,2016,93.0
2467,SAU,2000,94.0
2468,SAU,2001,94.0
2469,SAU,2002,96.7
2470,SAU,2003,96.3
2471,SAU,2004,97.0
2472,SAU,2005,97.0
2473,SAU,2006,95.0
2474,SAU,2007,96.0
2475,SAU,2008,97.0
2476,SAU,2009,-1.0
2477,SAU,2010,98.2
2478,SAU,2011,98.2
2479,SAU,2012,97.9
2480,SAU,2013,97.9
2481,SAU,2014,98.2
2482,SAU,2015,97.6
2483,SAU,2016,98.0
2484,SEN,2000,-1.0
2485,SEN,2001,42.0
2486,SEN,2002,59.0
2487,SEN,2003,60.0
2488,SEN,2004,57.0
2489,SEN,2005,74.0
2490,SEN,2006,80.0
2491,SEN,2007,84.0
2492,SEN,2008,77.0
2493,SEN,2009,78.60590067
2494,SEN,2010,32.0
2495,SEN,2011,-1.0
2496,SEN,2012,-1.0
2497,SEN,2013,67.0
2498,SEN,2014,76.56017216
2499,SEN,2015,85.62083892
2500,SEN,2016,93.08541817
2501,SRB,2000,92.2
2502,SRB,2001,95.1
2503,SRB,2002,92.9
2504,SRB,2003,95.9
2505,SRB,2004,95.7
2506,SRB,2005,95.6
2507,SRB,2006,96.0
2508,SRB,2007,97.0
2509,SRB,2008,96.0
2510,SRB,2009,95.9
2511,SRB,2010,95.7
2512,SRB,2011,96.5
2513,SRB,2012,90.3
2514,SRB,2013,92.58899975
2515,SRB,2014,85.8
2516,SRB,2015,84.0
2517,SRB,2016,81.0
2518,SYC,2000,-1.0
2519,SYC,2001,88.0
2520,SYC,2002,100.0
2521,SYC,2003,100.0
2522,SYC,2004,100.0
2523,SYC,2005,100.0
2524,SYC,2006,100.0
2525,SYC,2007,100.0
2526,SYC,2008,100.0
2527,SYC,2009,99.2
2528,SYC,2010,99.0
2529,SYC,2011,101.0
2530,SYC,2012,98.0
2531,SYC,2013,97.0
2532,SYC,2014,99.87
2533,SYC,2015,97.5
2534,SYC,2016,97.2
2535,SLE,2000,-1.0
2536,SLE,2001,40.0
2537,SLE,2002,74.0
2538,SLE,2003,86.0
2539,SLE,2004,64.0
2540,SLE,2005,81.0
2541,SLE,2006,90.0
2542,SLE,2007,82.0
2543,SLE,2008,-1.0
2544,SLE,2009,95.0
2545,SLE,2010,97.36167287
2546,SLE,2011,85.63514804
2547,SLE,2012,92.0
2548,SLE,2013,99.0
2549,SLE,2014,89.0
2550,SLE,2015,82.0
2551,SLE,2016,97.0
2552,SGP,2000,94.0
2553,SGP,2001,94.0
2554,SGP,2002,95.0
2555,SGP,2003,92.0
2556,SGP,2004,94.0
2557,SGP,2005,93.0
2558,SGP,2006,93.0
2559,SGP,2007,95.0
2560,SGP,2008,95.0
2561,SGP,2009,94.99248873
2562,SGP,2010,95.19986526
2563,SGP,2011,95.06147299
2564,SGP,2012,95.12612945
2565,SGP,2013,95.05
2566,SGP,2014,95.12195122
2567,SGP,2015,95.15375633
2568,SGP,2016,95.0
2569,SVK,2000,98.3
2570,SVK,2001,99.4
2571,SVK,2002,98.6
2572,SVK,2003,98.6
2573,SVK,2004,98.6
2574,SVK,2005,98.4
2575,SVK,2006,98.0
2576,SVK,2007,99.0
2577,SVK,2008,99.0
2578,SVK,2009,98.863984
2579,SVK,2010,98.47535621
2580,SVK,2011,98.27704788
2581,SVK,2012,-1.0
2582,SVK,2013,98.2
2583,SVK,2014,96.6
2584,SVK,2015,95.2
2585,SVK,2016,95.2
2586,SVN,2000,-1.0
2587,SVN,2001,93.97
2588,SVN,2002,-1.0
2589,SVN,2003,-1.0
2590,SVN,2004,-1.0
2591,SVN,2005,-1.0
2592,SVN,2006,-1.0
2593,SVN,2007,-1.0
2594,SVN,2008,-1.0
2595,SVN,2009,-1.0
2596,SVN,2010,-1.0
2597,SVN,2011,-1.0
2598,SVN,2012,-1.0
2599,SVN,2013,-1.0
2600,SVN,2014,-1.0
2601,SVN,2015,-1.0
2602,SVN,2016,92.3
2603,SLB,2000,-1.0
2604,SLB,2001,74.0
2605,SLB,2002,67.0
2606,SLB,2003,69.0
2607,SLB,2004,72.0
2608,SLB,2005,70.0
2609,SLB,2006,75.0
2610,SLB,2007,78.0
2611,SLB,2008,60.0
2612,SLB,2009,60.3
2613,SLB,2010,67.67836027
2614,SLB,2011,73.36667308
2615,SLB,2012,84.7993321
2616,SLB,2013,75.88731404
2617,SLB,2014,75.87764437
2618,SLB,2015,75.24724814
2619,SLB,2016,81.83803855
2620,SOM,2000,10.0
2621,SOM,2001,35.0
2622,SOM,2002,35.0
2623,SOM,2003,30.0
2624,SOM,2004,29.0
2625,SOM,2005,29.0
2626,SOM,2006,70.0
2627,SOM,2007,35.0
2628,SOM,2008,34.0
2629,SOM,2009,65.0
2630,SOM,2010,68.0
2631,SOM,2011,79.0
2632,SOM,2012,49.0
2633,SOM,2013,29.0
2634,SOM,2014,70.0
2635,SOM,2015,40.89276924
2636,SOM,2016,44.58811435
2637,ZAF,2000,90.0
2638,ZAF,2001,72.0
2639,ZAF,2002,72.0
2640,ZAF,2003,82.0
2641,ZAF,2004,62.0
2642,ZAF,2005,82.9
2643,ZAF,2006,85.7
2644,ZAF,2007,84.5
2645,ZAF,2008,88.1
2646,ZAF,2009,91.2
2647,ZAF,2010,84.8
2648,ZAF,2011,88.5
2649,ZAF,2012,89.1
2650,ZAF,2013,87.3
2651,ZAF,2014,91.7
2652,ZAF,2015,97.4
2653,ZAF,2016,101.4
2654,SSD,2000,-1.0
2655,SSD,2001,-1.0
2656,SSD,2007,33.0
2657,SSD,2008,43.0
2658,SSD,2010,106.0
2659,SSD,2011,112.49945100000001
2660,SSD,2012,102.0
2661,SSD,2013,80.0
2662,SSD,2014,71.51563349999999
2663,SSD,2015,70.0807425
2664,SSD,2016,51.88058207
2665,ESP,2000,94.0
2666,ESP,2001,96.0
2667,ESP,2002,97.0
2668,ESP,2003,98.0
2669,ESP,2004,97.0
2670,ESP,2005,97.0
2671,ESP,2006,97.0
2672,ESP,2007,97.0
2673,ESP,2008,98.0
2674,ESP,2009,97.45002059999999
2675,ESP,2010,95.14782808
2676,ESP,2011,96.8
2677,ESP,2012,97.4
2678,ESP,2013,95.3
2679,ESP,2014,96.1
2680,ESP,2015,96.1
2681,ESP,2016,96.52
2682,LKA,2000,99.2
2683,LKA,2001,104.5
2684,LKA,2002,98.4
2685,LKA,2003,100.01
2686,LKA,2004,94.9
2687,LKA,2005,98.9
2688,LKA,2006,97.0
2689,LKA,2007,96.0
2690,LKA,2008,99.0
2691,LKA,2009,94.4
2692,LKA,2010,95.3
2693,LKA,2011,97.4
2694,LKA,2012,96.0
2695,LKA,2013,97.0
2696,LKA,2014,100.0
2697,LKA,2015,99.5
2698,LKA,2016,99.0
2699,SDN,2000,60.5
2700,SDN,2001,79.7
2701,SDN,2002,61.8
2702,SDN,2003,70.0
2703,SDN,2004,72.0
2704,SDN,2005,73.4
2705,SDN,2006,76.0
2706,SDN,2007,80.0
2707,SDN,2008,80.0
2708,SDN,2009,82.6
2709,SDN,2010,86.3
2710,SDN,2011,87.3
2711,SDN,2012,85.0
2712,SDN,2013,84.96
2713,SDN,2014,86.2
2714,SDN,2015,87.0
2715,SDN,2016,87.0
2716,SUR,2000,71.0
2717,SUR,2001,82.0
2718,SUR,2002,73.0
2719,SUR,2003,69.0
2720,SUR,2004,86.0
2721,SUR,2005,91.0
2722,SUR,2006,83.0
2723,SUR,2007,85.0
2724,SUR,2008,86.0
2725,SUR,2009,88.22422502
2726,SUR,2010,89.79895018
2727,SUR,2011,85.16726711
2728,SUR,2012,73.0
2729,SUR,2013,93.42187827
2730,SUR,2014,85.27766679999999
2731,SUR,2015,94.07237937
2732,SUR,2016,97.25409836
2733,SWZ,2000,80.0
2734,SWZ,2001,-1.0
2735,SWZ,2002,69.0
2736,SWZ,2003,72.0
2737,SWZ,2004,70.0
2738,SWZ,2005,60.0
2739,SWZ,2006,57.0
2740,SWZ,2007,58.0
2741,SWZ,2008,69.0
2742,SWZ,2009,71.7
2743,SWZ,2010,77.0
2744,SWZ,2011,80.0
2745,SWZ,2012,88.0
2746,SWZ,2013,79.5
2747,SWZ,2014,78.0
2748,SWZ,2015,81.0
2749,SWZ,2016,69.0
2750,SWE,2000,-1.0
2751,SWE,2001,-1.0
2752,SWE,2002,-1.0
2753,SWE,2003,-1.0
2754,SWE,2004,-1.0
2755,SWE,2005,-1.0
2756,SWE,2006,-1.0
2757,SWE,2007,-1.0
2758,SWE,2008,-1.0
2759,SWE,2009,-1.0
2760,SWE,2010,-1.0
2761,SWE,2011,-1.0
2762,SWE,2012,-1.0
2763,SWE,2013,-1.0
2764,SWE,2014,-1.0
2765,SWE,2015,-1.0
2766,SWE,2016,-1.0
2767,CHE,2000,-1.0
2768,CHE,2001,-1.0
2769,CHE,2002,-1.0
2770,CHE,2003,-1.0
2771,CHE,2004,-1.0
2772,CHE,2005,-1.0
2773,CHE,2006,-1.0
2774,CHE,2007,-1.0
2775,CHE,2008,-1.0
2776,CHE,2009,-1.0
2777,CHE,2010,-1.0
2778,CHE,2011,-1.0
2779,CHE,2012,-1.0
2780,CHE,2013,-1.0
2781,CHE,2014,93.12
2782,CHE,2015,94.13
2783,SYR,2000,94.0
2784,SYR,2001,93.0
2785,SYR,2002,98.0
2786,SYR,2003,104.11
2787,SYR,2004,98.0
2788,SYR,2005,98.0
2789,SYR,2006,98.0
2790,SYR,2007,98.0
2791,SYR,2008,98.0
2792,SYR,2009,99.0
2793,SYR,2010,99.0
2794,SYR,2011,97.0
2795,SYR,2012,78.0
2796,SYR,2013,83.0
2797,SYR,2014,71.0
2798,SYR,2015,70.0
2799,SYR,2016,79.0
2800,TJK,2000,98.2
2801,TJK,2001,96.8
2802,TJK,2002,95.2
2803,TJK,2003,97.0
2804,TJK,2004,98.0
2805,TJK,2005,94.0
2806,TJK,2006,96.0
2807,TJK,2007,85.0
2808,TJK,2008,86.0
2809,TJK,2009,89.2
2810,TJK,2010,94.0
2811,TJK,2011,97.9
2812,TJK,2012,94.5
2813,TJK,2013,92.0
2814,TJK,2014,98.0
2815,TJK,2015,96.95235313
2816,TJK,2016,97.60263971
2817,TZA,2000,78.0
2818,TZA,2001,86.0
2819,TZA,2002,89.0
2820,TZA,2003,97.0
2821,TZA,2004,94.0
2822,TZA,2005,91.0
2823,TZA,2006,89.0
2824,TZA,2007,90.0
2825,TZA,2008,87.82311537
2826,TZA,2009,91.0
2827,TZA,2010,92.2
2828,TZA,2011,95.0
2829,TZA,2012,97.0
2830,TZA,2013,99.0
2831,TZA,2014,102.0
2832,TZA,2015,102.7721007
2833,TZA,2016,90.0
2834,THA,2000,86.5
2835,THA,2001,83.81
2836,THA,2002,-1.0
2837,THA,2003,-1.0
2838,THA,2004,-1.0
2839,THA,2005,-1.0
2840,THA,2006,-1.0
2841,THA,2007,-1.0
2842,THA,2008,-1.0
2843,THA,2009,-1.0
2844,THA,2010,-1.0
2845,THA,2011,-1.0
2846,THA,2012,-1.0
2847,THA,2013,-1.0
2848,THA,2014,-1.0
2849,THA,2015,-1.0
2850,THA,2016,91.35
2851,TLS,2002,-1.0
2852,TLS,2003,63.0
2853,TLS,2004,64.0
2854,TLS,2005,48.0
2855,TLS,2006,61.0
2856,TLS,2007,63.0
2857,TLS,2008,73.0
2858,TLS,2009,72.55478993
2859,TLS,2010,66.18469707
2860,TLS,2011,62.0
2861,TLS,2012,73.0
2862,TLS,2013,69.71162367
2863,TLS,2014,74.0
2864,TLS,2015,70.0
2865,TLS,2016,98.0
2866,TGO,2000,58.0
2867,TGO,2001,33.0
2868,TGO,2002,48.0
2869,TGO,2003,68.0
2870,TGO,2004,70.0
2871,TGO,2005,70.0
2872,TGO,2006,83.0
2873,TGO,2007,80.0
2874,TGO,2008,77.0
2875,TGO,2009,83.72182043
2876,TGO,2010,83.61305769
2877,TGO,2011,85.19768526
2878,TGO,2012,87.28167016
2879,TGO,2013,81.95
2880,TGO,2014,81.79591895
2881,TGO,2015,85.0
2882,TGO,2016,87.0
2883,TON,2000,-1.0
2884,TON,2001,93.4
2885,TON,2002,91.04
2886,TON,2003,99.2
2887,TON,2004,99.6
2888,TON,2005,99.6
2889,TON,2006,100.0
2890,TON,2007,100.0
2891,TON,2008,99.0
2892,TON,2009,99.1
2893,TON,2010,99.2
2894,TON,2011,99.4
2895,TON,2012,99.6
2896,TON,2013,-1.0
2897,TON,2014,99.24
2898,TON,2015,101.0
2899,TON,2016,98.0
2900,TTO,2000,89.73
2901,TTO,2001,91.0
2902,TTO,2003,88.0
2903,TTO,2004,-1.0
2904,TTO,2005,-1.0
2905,TTO,2006,89.0
2906,TTO,2007,91.0
2907,TTO,2008,91.0
2908,TTO,2009,94.38557559
2909,TTO,2010,91.97269059999999
2910,TTO,2011,91.97269059999999
2911,TTO,2012,85.71272648
2912,TTO,2013,90.61834883
2913,TTO,2014,90.60754781
2914,TTO,2015,89.04495967
2915,TTO,2016,85.57703113
2916,TUN,2000,89.5
2917,TUN,2001,92.2
2918,TUN,2002,94.1
2919,TUN,2003,89.9
2920,TUN,2004,97.6
2921,TUN,2005,95.7
2922,TUN,2006,98.0
2923,TUN,2007,96.0
2924,TUN,2008,98.0
2925,TUN,2009,98.0
2926,TUN,2010,97.0
2927,TUN,2011,94.0
2928,TUN,2012,93.0
2929,TUN,2013,106.0
2930,TUN,2014,94.0
2931,TUN,2015,94.0
2932,TUN,2016,90.0
2933,TUR,2000,76.1
2934,TUR,2001,84.0
2935,TUR,2002,82.0
2936,TUR,2003,75.0
2937,TUR,2004,81.0
2938,TUR,2005,91.0
2939,TUR,2006,98.0
2940,TUR,2007,96.0
2941,TUR,2008,97.0
2942,TUR,2009,97.0
2943,TUR,2010,97.0
2944,TUR,2011,98.0
2945,TUR,2012,96.0
2946,TUR,2013,98.0
2947,TUR,2014,94.0
2948,TUR,2015,97.0
2949,TUR,2016,98.0
2950,TKM,2000,96.5
2951,TKM,2001,97.6
2952,TKM,2002,88.0
2953,TKM,2003,97.1
2954,TKM,2004,97.3
2955,TKM,2005,99.0
2956,TKM,2006,98.9
2957,TKM,2007,99.0
2958,TKM,2008,99.0
2959,TKM,2009,99.4
2960,TKM,2010,99.3
2961,TKM,2011,99.33696762
2962,TKM,2012,98.8
2963,TKM,2013,99.0
2964,TKM,2014,99.3
2965,TKM,2015,99.6
2966,TKM,2016,99.0
2967,TUV,2000,-1.0
2968,TUV,2001,100.0
2969,TUV,2002,99.0
2970,TUV,2003,95.0
2971,TUV,2004,98.0
2972,TUV,2005,79.0
2973,TUV,2006,84.0
2974,TUV,2007,95.0
2975,TUV,2008,93.0
2976,TUV,2009,89.89
2977,TUV,2010,84.8
2978,TUV,2011,97.8
2979,TUV,2012,97.64
2980,TUV,2013,96.01
2981,TUV,2014,93.6
2982,TUV,2015,95.0
2983,TUV,2016,96.0
2984,ARE,2000,94.0
2985,ARE,2001,94.0
2986,ARE,2002,94.0
2987,ARE,2003,94.0
2988,ARE,2004,94.0
2989,ARE,2005,92.0
2990,ARE,2006,92.0
2991,ARE,2007,92.0
2992,ARE,2008,-1.0
2993,ARE,2010,94.0
2994,ARE,2012,110.8
2995,ARE,2013,128.0
2996,ARE,2014,138.0
2997,ARE,2015,100.0
2998,ARE,2016,100.0
2999,UGA,2000,56.0
3000,UGA,2001,61.0
3001,UGA,2002,77.0
3002,UGA,2003,83.0
3003,UGA,2004,91.0
3004,UGA,2005,86.0
3005,UGA,2006,89.0
3006,UGA,2007,86.0
3007,UGA,2008,76.68650186
3008,UGA,2009,81.0
3009,UGA,2010,73.0
3010,UGA,2011,75.0
3011,UGA,2012,82.0
3012,UGA,2013,97.0
3013,UGA,2014,96.0
3014,UGA,2015,107.0
3015,UGA,2016,90.0
3016,GBR,2000,88.0
3017,GBR,2001,85.0
3018,GBR,2002,85.0
3019,GBR,2003,82.0
3020,GBR,2004,81.0
3021,GBR,2005,82.1
3022,GBR,2006,85.0
3023,GBR,2007,86.0
3024,GBR,2008,86.0
3025,GBR,2009,86.0
3026,GBR,2010,89.0
3027,GBR,2011,90.0
3028,GBR,2012,92.0
3029,GBR,2013,93.0
3030,GBR,2014,93.0
3031,GBR,2015,93.0
3032,GBR,2016,92.0
3033,UKR,2000,98.8
3034,UKR,2001,98.76
3035,UKR,2002,98.9
3036,UKR,2003,99.02
3037,UKR,2004,98.6
3038,UKR,2005,95.8
3039,UKR,2006,98.0
3040,UKR,2007,97.0
3041,UKR,2008,94.0
3042,UKR,2010,56.1
3043,UKR,2011,67.0
3044,UKR,2012,79.2
3045,UKR,2015,56.11524535
3046,UKR,2016,42.46831185
3047,URY,2000,89.0
3048,URY,2001,93.5
3049,URY,2002,95.0
3050,URY,2004,95.0
3051,URY,2005,94.99
3052,URY,2006,94.0
3053,URY,2007,96.0
3054,URY,2008,95.0
3055,URY,2009,95.11820821
3056,URY,2010,94.84048013
3057,URY,2011,95.27913394
3058,URY,2012,96.17
3059,URY,2013,95.54586252
3060,URY,2014,96.12722479
3061,URY,2015,95.40005346
3062,URY,2016,95.06938843
3063,USA,2000,-1.0
3064,USA,2001,-1.0
3065,USA,2003,-1.0
3066,USA,2004,-1.0
3067,USA,2006,-1.0
3068,USA,2007,-1.0
3069,USA,2012,-1.0
3070,USA,2013,-1.0
3071,USA,2014,-1.0
3072,USA,2015,-1.0
3073,USA,2016,-1.0
3074,UZB,2000,98.9
3075,UZB,2001,98.9
3076,UZB,2002,96.8
3077,UZB,2003,98.8
3078,UZB,2004,98.5
3079,UZB,2005,99.3
3080,UZB,2006,95.0
3081,UZB,2007,100.0
3082,UZB,2008,98.0
3083,UZB,2009,95.4
3084,UZB,2010,98.3
3085,UZB,2011,99.9
3086,UZB,2012,99.9
3087,UZB,2013,97.4
3088,UZB,2014,99.9
3089,UZB,2015,99.9
3090,UZB,2016,99.9
3091,VUT,2000,94.0
3092,VUT,2001,49.0
3093,VUT,2002,-1.0
3094,VUT,2003,-1.0
3095,VUT,2004,-1.0
3096,VUT,2005,70.0
3097,VUT,2006,-1.0
3098,VUT,2007,48.0
3099,VUT,2008,-1.0
3100,VUT,2009,80.0
3101,VUT,2010,81.72231986
3102,VUT,2011,91.82171061
3103,VUT,2012,94.14885989
3104,VUT,2013,64.65804067
3105,VUT,2014,90.67440711
3106,VUT,2015,75.63
3107,VUT,2016,80.56090515
3108,VEN,2000,84.0
3109,VEN,2001,98.0
3110,VEN,2002,83.0
3111,VEN,2003,83.0
3112,VEN,2004,80.0
3113,VEN,2005,76.0
3114,VEN,2006,95.0
3115,VEN,2007,65.0
3116,VEN,2008,93.0
3117,VEN,2009,87.0
3118,VEN,2010,79.0
3119,VEN,2011,86.33555015
3120,VEN,2012,87.13233912
3121,VEN,2013,84.88813564
3122,VEN,2014,89.55519058
3123,VEN,2015,91.57421834
3124,VEN,2016,88.27640552
3125,VNM,2000,97.0
3126,VNM,2001,98.0
3127,VNM,2002,96.0
3128,VNM,2003,93.0
3129,VNM,2004,97.0
3130,VNM,2005,95.2
3131,VNM,2006,93.0
3132,VNM,2007,83.0
3133,VNM,2008,92.0
3134,VNM,2009,96.99727289
3135,VNM,2010,97.79688227
3136,VNM,2011,96.46480451
3137,VNM,2012,96.36410636
3138,VNM,2013,97.73666083
3139,VNM,2014,97.42029916
3140,VNM,2015,97.4627945
3141,VNM,2016,98.55224718
3142,YEM,2000,71.0
3143,YEM,2001,73.0
3144,YEM,2002,64.0
3145,YEM,2003,66.0
3146,YEM,2004,76.0
3147,YEM,2005,76.0
3148,YEM,2006,68.0
3149,YEM,2007,74.0
3150,YEM,2008,73.0
3151,YEM,2009,69.0
3152,YEM,2010,73.13576276
3153,YEM,2011,70.82510738
3154,YEM,2012,70.82587564
3155,YEM,2013,77.69464238
3156,YEM,2014,74.93125487
3157,YEM,2015,75.04557129
3158,YEM,2016,77.97406613
3159,ZMB,2000,72.0
3160,ZMB,2001,-1.0
3161,ZMB,2002,83.0
3162,ZMB,2003,78.0
3163,ZMB,2004,81.0
3164,ZMB,2005,79.0
3165,ZMB,2006,90.0
3166,ZMB,2007,97.0
3167,ZMB,2008,90.0
3168,ZMB,2009,91.70934143
3169,ZMB,2010,96.88347924
3170,ZMB,2011,82.85558442
3171,ZMB,2012,95.30968588
3172,ZMB,2013,79.84530696
3173,ZMB,2014,92.8942168
3174,ZMB,2015,93.00484944
3175,ZMB,2016,96.84032472
3176,ZWE,2000,66.0
3177,ZWE,2001,43.0
3178,ZWE,2002,56.0
3179,ZWE,2003,82.0
3180,ZWE,2004,81.0
3181,ZWE,2005,86.0
3182,ZWE,2006,90.0
3183,ZWE,2007,71.0
3184,ZWE,2008,57.0
3185,ZWE,2009,75.91159858
3186,ZWE,2010,84.0
3187,ZWE,2011,93.0
3188,ZWE,2012,97.0
3189,ZWE,2013,95.0
3190,ZWE,2014,93.0
3191,ZWE,2015,86.0
3192,ZWE,2016,92.0
